{
  "type": "FeatureCollection",
  "features": [
    {
      "type": "Feature",
      "id": 5016,
      "geometry": {
        "type": "Polygon",
        "coordinates": [
          [
            [79.4330411277294, 13.6550051185083],
            [79.4323845949024, 13.6578891054911],
            [79.4316084361238, 13.6578723787209],
            [79.4319273883554, 13.6559059920549],
            [79.4316860308015, 13.6558508993917],
            [79.4311231320714, 13.6557800670711],
            [79.4309283288088, 13.655758799214],
            [79.4304373411155, 13.655705193975],
            [79.4304290245126, 13.6557745580643],
            [79.4301579740453, 13.655717010715],
            [79.4301674180339, 13.6556502086344],
            [79.4302338322795, 13.6553298845081],
            [79.4302856677663, 13.6549284975713],
            [79.4302848574859, 13.6546648410487],
            [79.430312395341, 13.6546113245994],
            [79.4305861506356, 13.6546136841175],
            [79.4309749154394, 13.6546435914224],
            [79.4310769658523, 13.6546593320158],
            [79.4313094148135, 13.6547183601045],
            [79.431450341617, 13.6547403971026],
            [79.4318650246134, 13.6547577133194],
            [79.4318820324167, 13.6550701635756],
            [79.4323558398301, 13.655043404962],
            [79.432785100687, 13.6550213679923],
            [79.4330411277294, 13.6550051185083]
          ]
        ]
      },
      "properties": {
        "objectid": 5016,
        "id": "4912",
        "name": "Ward No 101",
        "code": "101",
        "town": "Tirupati",
        "district": "Tirupati",
        "state": "Andhra Pradesh",
        "st_area(shape)": 56034.4838095368,
        "st_perimeter(shape)": 1327.21072230468
      }
    },
    {
      "type": "Feature",
      "id": 5052,
      "geometry": {
        "type": "Polygon",
        "coordinates": [
          [
            [79.4115699326767, 13.6294435349901],
            [79.4116801658435, 13.6294583920228],
            [79.4116306974174, 13.6296753719916],
            [79.4115461174402, 13.6302009246918],
            [79.4113546388424, 13.6301338674534],
            [79.4111887828915, 13.6300510374071],
            [79.4107328690202, 13.6298593953634],
            [79.4107580649673, 13.6294326458268],
            [79.4107988574643, 13.6290082264839],
            [79.4109224333081, 13.6286421059033],
            [79.4108196283104, 13.6285827858162],
            [79.4109392300073, 13.6283774256495],
            [79.4108783421973, 13.6283532315703],
            [79.4109171898417, 13.6282283430087],
            [79.4109620256559, 13.6279926484399],
            [79.4110052175531, 13.6276708340705],
            [79.4110472101993, 13.6273921607362],
            [79.411103598348, 13.6271298118114],
            [79.4113784747402, 13.6272357457939],
            [79.4118418410351, 13.6274255400227],
            [79.4117960314472, 13.6278264245894],
            [79.4118048825477, 13.628380059559],
            [79.4117397079772, 13.6286435830561],
            [79.4116769471798, 13.6289720092313],
            [79.4116528938898, 13.6291746869646],
            [79.4116414089289, 13.629286828071],
            [79.4115694224336, 13.6292840501235],
            [79.4115699326767, 13.6294435349901]
          ]
        ]
      },
      "properties": {
        "objectid": 5052,
        "id": "4943",
        "name": "Ward No 47",
        "code": "47",
        "town": "Tirupati",
        "district": "Tirupati",
        "state": "Andhra Pradesh",
        "st_area(shape)": 30022.0091153603,
        "st_perimeter(shape)": 860.000018821435
      }
    },
    {
      "type": "Feature",
      "id": 5053,
      "geometry": {
        "type": "Polygon",
        "coordinates": [
          [
            [79.4242340294126, 13.6390332043455],
            [79.4242295522092, 13.6391671915329],
            [79.4234144532598, 13.6391893539467],
            [79.4228834555021, 13.6391901885182],
            [79.42285767565, 13.6390203112546],
            [79.4231168521859, 13.6389811527095],
            [79.4230784159698, 13.638755409542],
            [79.4225179651489, 13.6389173253847],
            [79.4221657806418, 13.6390251728989],
            [79.421899581077, 13.6390669346725],
            [79.4214397523477, 13.6390799945007],
            [79.4214553992033, 13.6385309188925],
            [79.4212665248216, 13.638529176414],
            [79.4205624980654, 13.6385252375049],
            [79.4206003315119, 13.6370376110498],
            [79.4211225132034, 13.6370303023716],
            [79.4220500650568, 13.6369868606033],
            [79.4225373094702, 13.6369521077068],
            [79.4226669444506, 13.6368934645284],
            [79.4227723222233, 13.6369681471701],
            [79.4228854174226, 13.6371386282733],
            [79.4231603036962, 13.6375529805435],
            [79.4234090741478, 13.6379288988196],
            [79.4237425898667, 13.638392486101],
            [79.4241676870322, 13.6389450705524],
            [79.4242340294126, 13.6390332043455]
          ]
        ]
      },
      "properties": {
        "objectid": 5053,
        "id": "4944",
        "name": "Ward No 68",
        "code": "68",
        "town": "Tirupati",
        "district": "Tirupati",
        "state": "Andhra Pradesh",
        "st_area(shape)": 71099.025516784,
        "st_perimeter(shape)": 1294.08669935009
      }
    },
    {
      "type": "Feature",
      "id": 5097,
      "geometry": {
        "type": "Polygon",
        "coordinates": [
          [
            [79.4356815161997, 13.6262290371087],
            [79.4356302179054, 13.6264943343815],
            [79.4356467064824, 13.6270925876702],
            [79.4351392176357, 13.6271014899309],
            [79.4348039457104, 13.6271442228726],
            [79.4346830279816, 13.6272065404227],
            [79.434283633413, 13.6269412439494],
            [79.4336130895624, 13.6264444800179],
            [79.433288809423, 13.6262806716268],
            [79.4327684971256, 13.6260937173219],
            [79.4324826918297, 13.626067009552],
            [79.4320393265246, 13.6260545461579],
            [79.4315556556093, 13.6260848150233],
            [79.4312680177503, 13.6261239861824],
            [79.431107671167, 13.6262035411208],
            [79.4309740045477, 13.6257044236891],
            [79.4308227471185, 13.6252075855694],
            [79.430639831262, 13.6245728625135],
            [79.4304299470824, 13.6238606485368],
            [79.4303478698115, 13.6235723436935],
            [79.4308673035566, 13.6235734830113],
            [79.4314137047264, 13.6235700641849],
            [79.4318311275845, 13.6235700641849],
            [79.4324865752467, 13.6234811799197],
            [79.4333038328478, 13.6233911554293],
            [79.4333026605463, 13.6226664027301],
            [79.4332932803382, 13.6220669989144],
            [79.4327832268013, 13.622048766221],
            [79.432784400001, 13.6219029037498],
            [79.4331267802952, 13.6219142987539],
            [79.4331349882019, 13.6213365446403],
            [79.4325135435698, 13.6213251487353],
            [79.4314266027373, 13.6212180308686],
            [79.4311507525714, 13.6211832992252],
            [79.4314922641947, 13.6207327425149],
            [79.4320333976437, 13.6200224324497],
            [79.4328765905054, 13.6201093099928],
            [79.4338567566849, 13.6201947775234],
            [79.4346830279816, 13.6202713416326],
            [79.4353219780836, 13.6204504072792],
            [79.4356840808898, 13.6206710422515],
            [79.4362562780814, 13.6208169063557],
            [79.4370301524441, 13.6209616301665],
            [79.4371567861531, 13.6201605197976],
            [79.4380666735347, 13.6202038223515],
            [79.4383070438401, 13.6203120808842],
            [79.4381621617545, 13.6205597928085],
            [79.4379771213824, 13.6205419877942],
            [79.4379185287679, 13.6208989713536],
            [79.4377506444211, 13.6210092314715],
            [79.437605105667, 13.6211384253617],
            [79.4373358904578, 13.6213788508304],
            [79.4371306972806, 13.6215818336568],
            [79.4362310758461, 13.6214378357288],
            [79.4362828349761, 13.622280751036],
            [79.436060287246, 13.622978373373],
            [79.4359680850635, 13.6232500998806],
            [79.4359820736291, 13.6240059990724],
            [79.4370427567059, 13.6240229622165],
            [79.4380192595557, 13.6240496702173],
            [79.4379844498384, 13.6248010558759],
            [79.4367522846621, 13.6246899856027],
            [79.4365261661287, 13.6246542530965],
            [79.43598659485, 13.6246287001914],
            [79.4358552710369, 13.6246640258664],
            [79.4356667478964, 13.6247179733993],
            [79.4355984858163, 13.6248645849443],
            [79.4356228894493, 13.6255079249286],
            [79.4356815161997, 13.6262290371087]
          ]
        ]
      },
      "properties": {
        "objectid": 5097,
        "id": "4980",
        "name": "Ward No 6",
        "code": "6",
        "town": "Tirupati",
        "district": "Tirupati",
        "state": "Andhra Pradesh",
        "st_area(shape)": 372276.650528514,
        "st_perimeter(shape)": 4164.17504764219
      }
    },
    {
      "type": "Feature",
      "id": 5103,
      "geometry": {
        "type": "Polygon",
        "coordinates": [
          [
            [79.4321813304081, 13.6409003572509],
            [79.432140492097, 13.6414538821372],
            [79.432101802556, 13.6419040108617],
            [79.4320654342617, 13.6420590629842],
            [79.4317230126451, 13.6419284331447],
            [79.4317360480982, 13.6418638279248],
            [79.4316213359313, 13.6417776873131],
            [79.431012578206, 13.6415889373439],
            [79.4303872582418, 13.6414579964654],
            [79.4303984341822, 13.6413725567043],
            [79.4303194623873, 13.6409697056139],
            [79.430089802695, 13.6409384906034],
            [79.4300978030909, 13.6408928129886],
            [79.4300337990253, 13.6408898972472],
            [79.4300337990253, 13.640832072153],
            [79.4297182594935, 13.6408252306348],
            [79.4297186152264, 13.6408419717082],
            [79.4296184135463, 13.6408435788581],
            [79.4296196675944, 13.6408627537889],
            [79.4295320593964, 13.6408612330637],
            [79.429531893208, 13.6408749291925],
            [79.4294616036303, 13.6408753002075],
            [79.4294610089456, 13.6408261359116],
            [79.4294043198613, 13.6408286509574],
            [79.4294038500424, 13.6407173062478],
            [79.4293732776783, 13.6407026987217],
            [79.4289592315874, 13.6406736600082],
            [79.4289127293985, 13.6408476216128],
            [79.4287462185757, 13.6408004869821],
            [79.4287169622435, 13.6408972992145],
            [79.4286499146857, 13.6408776362927],
            [79.4286825486833, 13.6407657372658],
            [79.4285598127644, 13.6407331857005],
            [79.4286466457164, 13.6403303902628],
            [79.4283944958026, 13.6402927596477],
            [79.4283956106119, 13.6402845475373],
            [79.4284188751811, 13.6401131608068],
            [79.4282255137145, 13.6400924458795],
            [79.4282194994937, 13.6401269477688],
            [79.4277909024919, 13.6400602032561],
            [79.4278000141038, 13.6395628209051],
            [79.4282719718861, 13.6395927816234],
            [79.4286481171568, 13.6396531604907],
            [79.4295010270949, 13.6397546628456],
            [79.4301114565849, 13.6398079286269],
            [79.4303209805401, 13.639834871421],
            [79.4304576520241, 13.6398515025691],
            [79.4306948449883, 13.639883171673],
            [79.430810012601, 13.6395301181481],
            [79.4315171654944, 13.6395269867636],
            [79.4322542089305, 13.6395486820986],
            [79.4322275424413, 13.6399154989996],
            [79.4321985259592, 13.6403959177674],
            [79.4321813304081, 13.6409003572509]
          ]
        ]
      },
      "properties": {
        "objectid": 5103,
        "id": "4985",
        "name": "Ward No 16",
        "code": "16",
        "town": "Tirupati",
        "district": "Tirupati",
        "state": "Andhra Pradesh",
        "st_area(shape)": 78507.6053095757,
        "st_perimeter(shape)": 1583.26008540712
      }
    },
    {
      "type": "Feature",
      "id": 5104,
      "geometry": {
        "type": "Polygon",
        "coordinates": [
          [
            [79.4277985561381, 13.6394366488757],
            [79.4275899439729, 13.6394380648522],
            [79.4272788034911, 13.639402409653],
            [79.4269926757001, 13.6393713218907],
            [79.4267452868573, 13.6392707805247],
            [79.4267102741208, 13.6391474402957],
            [79.4266154506544, 13.6390779735447],
            [79.426501662854, 13.6389716476649],
            [79.4262828395389, 13.6388681563161],
            [79.4261457099142, 13.6388298785867],
            [79.425982890269, 13.6388249750352],
            [79.4260965019996, 13.6386252527785],
            [79.4263091790414, 13.6385804826205],
            [79.4263778444651, 13.6385692507953],
            [79.4263928014146, 13.6386326775143],
            [79.426740889604, 13.6385890719196],
            [79.426674545427, 13.6382508624638],
            [79.4266231267585, 13.6380081355076],
            [79.4265437606031, 13.6380205083535],
            [79.4264953117649, 13.6379098545987],
            [79.4263735496197, 13.6378019952263],
            [79.4262436235852, 13.6377144319079],
            [79.4260527612318, 13.6376785320117],
            [79.4257141358955, 13.6376904989354],
            [79.4256850277854, 13.6369909968341],
            [79.4258047812976, 13.6369879282712],
            [79.4259485081498, 13.6369842451227],
            [79.4266298236989, 13.6369877248643],
            [79.4271705789573, 13.6369694540375],
            [79.427383657546, 13.6368432963363],
            [79.4278259287031, 13.6368241551258],
            [79.4288628243912, 13.6367601639684],
            [79.4288820851692, 13.6370061414791],
            [79.4289130366223, 13.6374071922438],
            [79.4289316056975, 13.6376932750381],
            [79.4288720833268, 13.6377239850175],
            [79.4285122056475, 13.6377386721698],
            [79.4283610757791, 13.6377588661297],
            [79.4282212808529, 13.6377790609609],
            [79.4281608287259, 13.6378093527679],
            [79.4278245650605, 13.6378176138517],
            [79.4278236200328, 13.638050767829],
            [79.4278047293607, 13.6385528744685],
            [79.4277962277049, 13.6388649699247],
            [79.4277985561381, 13.6394366488757]
          ]
        ]
      },
      "properties": {
        "objectid": 5104,
        "id": "4986",
        "name": "Ward No 19",
        "code": "19",
        "town": "Tirupati",
        "district": "Tirupati",
        "state": "Andhra Pradesh",
        "st_area(shape)": 61548.8144353983,
        "st_perimeter(shape)": 1373.37835774664
      }
    },
    {
      "type": "Feature",
      "id": 5105,
      "geometry": {
        "type": "Polygon",
        "coordinates": [
          [
            [79.4289316056975, 13.6376932750381],
            [79.4291455385841, 13.6376904168745],
            [79.4291505466918, 13.6377147531676],
            [79.4292722522431, 13.6376933378933],
            [79.4292827706168, 13.6380243110851],
            [79.4292907835892, 13.6381377181861],
            [79.4293353588919, 13.6383401959986],
            [79.4293298495242, 13.6384652834931],
            [79.4295867838652, 13.6384591507704],
            [79.4296502516366, 13.6384432641809],
            [79.4300865355223, 13.6384980771879],
            [79.4301100129923, 13.638507203376],
            [79.4301405332541, 13.6385786903823],
            [79.4302203557536, 13.6389171158685],
            [79.4302336589046, 13.6391810108505],
            [79.4302441754816, 13.6394624926282],
            [79.4301157837697, 13.6394731875271],
            [79.4301114565849, 13.6398079286269],
            [79.4295010270949, 13.6397546628456],
            [79.4286481171568, 13.6396531604907],
            [79.4282719718861, 13.6395927816234],
            [79.4278000141038, 13.6395628209051],
            [79.4277985561381, 13.6394366488757],
            [79.4277962277049, 13.6388649699247],
            [79.4278047293607, 13.6385528744685],
            [79.4278236200328, 13.638050767829],
            [79.4278245650605, 13.6378176138517],
            [79.4281608287259, 13.6378093527679],
            [79.4282212808529, 13.6377790609609],
            [79.4283610757791, 13.6377588661297],
            [79.4285122056475, 13.6377386721698],
            [79.4288720833268, 13.6377239850175],
            [79.4289316056975, 13.6376932750381]
          ]
        ]
      },
      "properties": {
        "objectid": 5105,
        "id": "4987",
        "name": "Ward No 18",
        "code": "18",
        "town": "Tirupati",
        "district": "Tirupati",
        "state": "Andhra Pradesh",
        "st_area(shape)": 50638.5142091959,
        "st_perimeter(shape)": 965.25892862045
      }
    },
    {
      "type": "Feature",
      "id": 5054,
      "geometry": {
        "type": "Polygon",
        "coordinates": [
          [
            [79.4111676688891, 13.637517384423],
            [79.410994173665, 13.6377861766856],
            [79.4108222963067, 13.6380446359686],
            [79.4104661367544, 13.6378976423767],
            [79.4098324903059, 13.6376566680182],
            [79.4097553636505, 13.6374199291578],
            [79.4097930201289, 13.6373385124174],
            [79.4098039544226, 13.6371781572717],
            [79.4098099183377, 13.6370554768037],
            [79.4097977991662, 13.6368869589977],
            [79.4097436002119, 13.6368892104421],
            [79.4096806956841, 13.6366603844858],
            [79.4096356640372, 13.6364754890541],
            [79.4101130934579, 13.636331946301],
            [79.4106041368467, 13.6361571005187],
            [79.4105872386379, 13.6360431127984],
            [79.4108440040956, 13.6360431127984],
            [79.4114361286151, 13.6359281594908],
            [79.4118299599171, 13.6358054067877],
            [79.4121642014748, 13.6356334371372],
            [79.4123280892169, 13.6357714560001],
            [79.4124827279048, 13.6358875259445],
            [79.4123842096676, 13.6360150800745],
            [79.4122723685165, 13.6361949273435],
            [79.412099273941, 13.6364299991424],
            [79.4119521793048, 13.6366340367101],
            [79.4117698814893, 13.636823413956],
            [79.4114467745496, 13.6371850608779],
            [79.4112619632478, 13.6374123123261],
            [79.4111676688891, 13.637517384423]
          ]
        ]
      },
      "properties": {
        "objectid": 5054,
        "id": "4945",
        "name": "Ward No 59",
        "code": "59",
        "town": "Tirupati",
        "district": "Tirupati",
        "state": "Andhra Pradesh",
        "st_area(shape)": 44717.7086101651,
        "st_perimeter(shape)": 930.42995651774
      }
    },
    {
      "type": "Feature",
      "id": 5066,
      "geometry": {
        "type": "Polygon",
        "coordinates": [
          [
            [79.4235513852552, 13.6346950764412],
            [79.4231111478838, 13.6346054351047],
            [79.4230244981882, 13.6342781115036],
            [79.4229965462098, 13.6341898292717],
            [79.4228959214233, 13.6340540103219],
            [79.4227352002425, 13.6338448486198],
            [79.4226695145306, 13.6338136099695],
            [79.4225241671176, 13.6338108940584],
            [79.4224179512168, 13.6338475654036],
            [79.4223243135265, 13.6339127586011],
            [79.422297760225, 13.6339643696151],
            [79.4222180985239, 13.6341558747598],
            [79.422183158551, 13.6342781115036],
            [79.422194338983, 13.6344818401422],
            [79.4222488451612, 13.6347398962237],
            [79.421772271835, 13.6347820000977],
            [79.4214424445986, 13.6348254614775],
            [79.4212593625538, 13.6344492440607],
            [79.4208638496056, 13.6337796554035],
            [79.4206234757069, 13.6334057724801],
            [79.4206856570908, 13.6334074242039],
            [79.4208400909629, 13.6334360325469],
            [79.4213278438229, 13.6334754198653],
            [79.4213446144709, 13.6335745686389],
            [79.4214228783934, 13.6335609864501],
            [79.4215933831259, 13.633531106156],
            [79.4217806576081, 13.6334754198653],
            [79.4219581494369, 13.6334496147428],
            [79.4223983850116, 13.6334305998429],
            [79.4223941925741, 13.6328275601935],
            [79.4224221436542, 13.6321090723348],
            [79.422240459388, 13.6320764750529],
            [79.4218798855144, 13.6320167140853],
            [79.4216251313847, 13.6319503339446],
            [79.4215375465428, 13.6317990151602],
            [79.4214775318953, 13.631568111745],
            [79.4214242025101, 13.6313278110053],
            [79.4214577923152, 13.6312029886187],
            [79.4221426220737, 13.6312497873092],
            [79.422596000001, 13.6312823314514],
            [79.42290769654, 13.6312623045561],
            [79.4231270992684, 13.6312177870491],
            [79.423315033114, 13.6312094314491],
            [79.4233318073553, 13.6314299498713],
            [79.4232302797619, 13.6315854575981],
            [79.4231344699453, 13.6318492734707],
            [79.4234727278706, 13.6318775258144],
            [79.4239718291475, 13.6319303324232],
            [79.424808277458, 13.6319828343398],
            [79.4249553244835, 13.6332916725604],
            [79.4248648111337, 13.6332970441573],
            [79.4248737951849, 13.6335045293042],
            [79.4246163344312, 13.6335270318479],
            [79.4243801448851, 13.6335446883464],
            [79.4241984597206, 13.6335677775446],
            [79.4240754731717, 13.6336655670135],
            [79.4240041972438, 13.6338068197551],
            [79.4239189453267, 13.6339494299305],
            [79.423826705415, 13.6341273529312],
            [79.4236589962397, 13.6344356619222],
            [79.4235877203117, 13.6345538242308],
            [79.423566756328, 13.6346095102672],
            [79.4235513852552, 13.6346950764412]
          ]
        ]
      },
      "properties": {
        "objectid": 5066,
        "id": "4955",
        "name": "Ward No 54",
        "code": "54",
        "town": "Tirupati",
        "district": "Tirupati",
        "state": "Andhra Pradesh",
        "st_area(shape)": 102161.734912789,
        "st_perimeter(shape)": 1998.18812082462
      }
    },
    {
      "type": "Feature",
      "id": 5067,
      "geometry": {
        "type": "Polygon",
        "coordinates": [
          [
            [79.4183627592932, 13.6340202600729],
            [79.4170788322919, 13.6341513726919],
            [79.4164427990196, 13.634167222031],
            [79.4156823948945, 13.6341597613618],
            [79.4156866556039, 13.6341158467718],
            [79.4157537256197, 13.6334253007084],
            [79.4158228105566, 13.6327005717967],
            [79.4158519797522, 13.6317821870178],
            [79.4158734701487, 13.6311227413184],
            [79.4166518621391, 13.6311133485762],
            [79.4169854551131, 13.6311221110034],
            [79.417556040727, 13.6311196072033],
            [79.4182451231101, 13.6311271159843],
            [79.4182235815096, 13.6313789415546],
            [79.4181904166076, 13.63183017376],
            [79.418183046829, 13.6320641455461],
            [79.4182321801835, 13.6323554161144],
            [79.4182690299748, 13.6325547691528],
            [79.4182739437594, 13.6330656856244],
            [79.4183058806644, 13.6335467573649],
            [79.4183144784399, 13.6336876164532],
            [79.4183627592932, 13.6340202600729]
          ]
        ]
      },
      "properties": {
        "objectid": 5067,
        "id": "4956",
        "name": "Ward No 55",
        "code": "55",
        "town": "Tirupati",
        "district": "Tirupati",
        "state": "Andhra Pradesh",
        "st_area(shape)": 94113.6233417338,
        "st_perimeter(shape)": 1244.90301515394
      }
    },
    {
      "type": "Feature",
      "id": 4872,
      "geometry": {
        "type": "Polygon",
        "coordinates": [
          [
            [79.4154641833323, 13.6429970513403],
            [79.4154525025386, 13.6429986933944],
            [79.4146299691319, 13.6430874070712],
            [79.4138904265826, 13.6431599917574],
            [79.4137834605885, 13.6428293295581],
            [79.4136755720245, 13.6425685630145],
            [79.4135778272368, 13.6423839646544],
            [79.4134330538473, 13.6423920317786],
            [79.4133943041192, 13.6417652203829],
            [79.4133596866414, 13.6413406424942],
            [79.4134217602275, 13.6407211752822],
            [79.4134671215561, 13.6404068011874],
            [79.4134778645086, 13.6399416185614],
            [79.4142490097895, 13.6400228231432],
            [79.4149270446912, 13.6401295475011],
            [79.4153317168621, 13.64013186788],
            [79.415529874434, 13.6407304559013],
            [79.4157244513212, 13.6413731241378],
            [79.4156576031893, 13.6418545438584],
            [79.4155573305423, 13.6423788848366],
            [79.4154641833323, 13.6429970513403]
          ]
        ]
      },
      "properties": {
        "objectid": 4872,
        "id": "4902",
        "name": "Ward No 75",
        "code": "75",
        "town": "Tirupati",
        "district": "Tirupati",
        "state": "Andhra Pradesh",
        "st_area(shape)": 80078.9960424543,
        "st_perimeter(shape)": 1114.61970014745
      }
    },
    {
      "type": "Feature",
      "id": 4998,
      "geometry": {
        "type": "Polygon",
        "coordinates": [
          [
            [79.4113922459135, 13.6429207198214],
            [79.411012554094, 13.6429234417385],
            [79.4110069566915, 13.643285166614],
            [79.4104444163892, 13.6432978586895],
            [79.4104425505884, 13.6435009326778],
            [79.4103324683385, 13.6435063721338],
            [79.4100553955655, 13.6434519775678],
            [79.4097238588352, 13.6433587464221],
            [79.4095034859263, 13.6433241358841],
            [79.4094522882433, 13.6436512086261],
            [79.4094971635834, 13.6438844860415],
            [79.4094076401771, 13.64388407051],
            [79.4094080767583, 13.6440264031074],
            [79.4093725079646, 13.6440250054907],
            [79.4093445236469, 13.645279632488],
            [79.4091812638272, 13.6456313810702],
            [79.4088734075861, 13.645509901822],
            [79.4083565798536, 13.6453013901475],
            [79.4076466403863, 13.6450529900827],
            [79.4073154980164, 13.6449366304559],
            [79.4077399304285, 13.6443467687695],
            [79.4081979858835, 13.6437266704348],
            [79.4085422274869, 13.643257969307],
            [79.4087092171117, 13.6429334136624],
            [79.4089536379207, 13.6424429530386],
            [79.4092596292593, 13.6418645524923],
            [79.409459270848, 13.6414729077398],
            [79.4096015541076, 13.6415361940029],
            [79.4099631421791, 13.6416504269962],
            [79.4099835249529, 13.6415576752747],
            [79.4103576562008, 13.6417439774518],
            [79.4108036454848, 13.641343108648],
            [79.4111273012952, 13.6418509541938],
            [79.4113316069368, 13.64218367012],
            [79.4114603453985, 13.642385838923],
            [79.4114332935321, 13.6426569067137],
            [79.4113922459135, 13.6429207198214]
          ]
        ]
      },
      "properties": {
        "objectid": 4998,
        "id": "4897",
        "name": "Ward No 78",
        "code": "78",
        "town": "Tirupati",
        "district": "Tirupati",
        "state": "Andhra Pradesh",
        "st_area(shape)": 91822.292062679,
        "st_perimeter(shape)": 1633.62018553742
      }
    },
    {
      "type": "Feature",
      "id": 4999,
      "geometry": {
        "type": "Polygon",
        "coordinates": [
          [
            [79.4112820387978, 13.6438075254013],
            [79.4112617683134, 13.6441163603724],
            [79.4112423170925, 13.6447038996819],
            [79.4112155724499, 13.6452528465752],
            [79.4112074678494, 13.6456931053682],
            [79.411226918172, 13.6461073736609],
            [79.4113890101818, 13.6466066993883],
            [79.4104642763435, 13.6461955824733],
            [79.4096521957334, 13.6458403839285],
            [79.4091812638272, 13.6456313810702],
            [79.4093445236469, 13.645279632488],
            [79.4093725079646, 13.6440250054907],
            [79.4094080767583, 13.6440264031074],
            [79.4094076401771, 13.64388407051],
            [79.4094971635834, 13.6438844860415],
            [79.4094522882433, 13.6436512086261],
            [79.4095034859263, 13.6433241358841],
            [79.4097238588352, 13.6433587464221],
            [79.4100553955655, 13.6434519775678],
            [79.4103324683385, 13.6435063721338],
            [79.4104425505884, 13.6435009326778],
            [79.4104444163892, 13.6432978586895],
            [79.4110069566915, 13.643285166614],
            [79.411012554094, 13.6429234417385],
            [79.4113922459135, 13.6429207198214],
            [79.4113541609387, 13.6432555249974],
            [79.4112868923953, 13.6437335921818],
            [79.4112820387978, 13.6438075254013]
          ]
        ]
      },
      "properties": {
        "objectid": 4999,
        "id": "4898",
        "name": "Ward No 77",
        "code": "77",
        "town": "Tirupati",
        "district": "Tirupati",
        "state": "Andhra Pradesh",
        "st_area(shape)": 68320.4027475486,
        "st_perimeter(shape)": 1255.87387732733
      }
    },
    {
      "type": "Feature",
      "id": 5000,
      "geometry": {
        "type": "Polygon",
        "coordinates": [
          [
            [79.4140359707267, 13.6492592525928],
            [79.4139192642999, 13.6494537823058],
            [79.4137442051089, 13.6498042510414],
            [79.4130405116277, 13.6519506530372],
            [79.4111593019805, 13.6510366205426],
            [79.4041666810616, 13.6480310823001],
            [79.4058215835292, 13.6465684473565],
            [79.4059965214476, 13.6462679025707],
            [79.4061353381085, 13.6460792277746],
            [79.4064683840085, 13.6458779691384],
            [79.4067631814403, 13.6456830567406],
            [79.4069898766922, 13.6454219642438],
            [79.4073126611367, 13.6449405744959],
            [79.4073154980164, 13.6449366304559],
            [79.4076466403863, 13.6450529900827],
            [79.4083565798536, 13.6453013901475],
            [79.4088734075861, 13.645509901822],
            [79.4091812638272, 13.6456313810702],
            [79.4096521957334, 13.6458403839285],
            [79.4104642763435, 13.6461955824733],
            [79.4113890101818, 13.6466066993883],
            [79.411226918172, 13.6461073736609],
            [79.4112074678494, 13.6456931053682],
            [79.4112155724499, 13.6452528465752],
            [79.4112423170925, 13.6447038996819],
            [79.4112617683134, 13.6441163603724],
            [79.4112820387978, 13.6438075254013],
            [79.4121394960078, 13.6437784844508],
            [79.4132408574956, 13.6437400407811],
            [79.4134514773954, 13.6441171477864],
            [79.413641277042, 13.6440659545227],
            [79.41375717229, 13.6443061689717],
            [79.4135911276929, 13.6443764853238],
            [79.4135261911759, 13.644525905211],
            [79.4134113487534, 13.6447462427167],
            [79.4133805625903, 13.645591409151],
            [79.4144655136545, 13.6456411250374],
            [79.4144647033741, 13.6459372560738],
            [79.4144482067122, 13.6463534697575],
            [79.4144420110317, 13.6465098275177],
            [79.414419317791, 13.6469595354391],
            [79.4144047291508, 13.6473619869696],
            [79.4147321551904, 13.6473982162422],
            [79.4152159994805, 13.6474470457015],
            [79.4154015923165, 13.6474643720561],
            [79.4153918689519, 13.6478132689433],
            [79.4156277126466, 13.647847134196],
            [79.4158659880807, 13.6478762741622],
            [79.4158530200013, 13.6481219982833],
            [79.4158238436192, 13.6484393903608],
            [79.4158043923983, 13.6486788120866],
            [79.4153464833688, 13.6489237471011],
            [79.4147483643913, 13.6489402868223],
            [79.4145935667016, 13.649222237082],
            [79.4141664546149, 13.6489985664812],
            [79.4140359707267, 13.6492592525928]
          ]
        ]
      },
      "properties": {
        "objectid": 5000,
        "id": "4899",
        "name": "Ward No 80",
        "code": "80",
        "town": "Tirupati",
        "district": "Tirupati",
        "state": "Andhra Pradesh",
        "st_area(shape)": 603689.816570157,
        "st_perimeter(shape)": 4081.30730682322
      }
    },
    {
      "type": "Feature",
      "id": 4997,
      "geometry": {
        "type": "Polygon",
        "coordinates": [
          [
            [79.4299630953242, 13.6483860479619],
            [79.4296392670373, 13.6483234601488],
            [79.4295521600992, 13.6490697666026],
            [79.4290269492885, 13.6490484553661],
            [79.4290186272957, 13.6493642565643],
            [79.4287419659511, 13.6493374335785],
            [79.4286585906147, 13.6493049949324],
            [79.4285740259088, 13.649283046467],
            [79.4286077917837, 13.6490574039382],
            [79.4286173166206, 13.6489609896248],
            [79.4284035562106, 13.6489189048655],
            [79.4281480906151, 13.6488774442557],
            [79.427840502072, 13.6488114110505],
            [79.4278792625798, 13.6485859994019],
            [79.427920246418, 13.6485927891913],
            [79.4279184731437, 13.6484343962222],
            [79.4279651648772, 13.6481296976996],
            [79.4280281781011, 13.6475719110053],
            [79.4280992114839, 13.6470185750569],
            [79.4282023246038, 13.6465554202419],
            [79.4282513474655, 13.6461554701035],
            [79.428258021948, 13.6459252249693],
            [79.428293061634, 13.6455968826042],
            [79.4283342224403, 13.645400716404],
            [79.4287820469825, 13.645592366787],
            [79.4290330596291, 13.6455109467543],
            [79.4291573667015, 13.6455085138166],
            [79.4293150434917, 13.6453739339967],
            [79.4294710530088, 13.6452255709285],
            [79.4295970273543, 13.6450966660662],
            [79.4296429124007, 13.6449037136949],
            [79.429668234112, 13.6447929793618],
            [79.4295756034331, 13.6445733909019],
            [79.4295572203091, 13.6444343985922],
            [79.4294880383542, 13.6442807508829],
            [79.429483766865, 13.6440597145709],
            [79.4295452718175, 13.6438856156587],
            [79.4295959880035, 13.6436601582759],
            [79.4296226571877, 13.6435141118571],
            [79.4297656842523, 13.6433312252527],
            [79.4298334028517, 13.6432365161249],
            [79.4300583796264, 13.6433065787621],
            [79.4301643395074, 13.6430131139631],
            [79.4302026903835, 13.6428783581267],
            [79.4301559725988, 13.6427954600935],
            [79.4300871122407, 13.642611035632],
            [79.4300942538473, 13.6424658493132],
            [79.4301901948179, 13.6423604538003],
            [79.430224399969, 13.6422064145227],
            [79.4302836330822, 13.6418869844015],
            [79.4303222498596, 13.6416912952535],
            [79.4303872582418, 13.6414579964654],
            [79.431012578206, 13.6415889373439],
            [79.4316213359313, 13.6417776873131],
            [79.4317360480982, 13.6418638279248],
            [79.4317230126451, 13.6419284331447],
            [79.4320654342617, 13.6420590629842],
            [79.4323070029197, 13.6421285838554],
            [79.4325223084321, 13.6421543880295],
            [79.4328161958705, 13.6422001579353],
            [79.4329677120145, 13.6423105888177],
            [79.433566212776, 13.6426737026543],
            [79.4334776101429, 13.6433286211909],
            [79.4330190686994, 13.6432064825397],
            [79.4329909882619, 13.6433114350804],
            [79.4326054295453, 13.6432495128688],
            [79.4322652303607, 13.6432043839249],
            [79.4318818320924, 13.6432001858223],
            [79.4318764323192, 13.6430700446035],
            [79.4315794349132, 13.6430259658065],
            [79.4315354569902, 13.6429937253297],
            [79.4311292307338, 13.6429206203029],
            [79.4310283382493, 13.6429051399441],
            [79.4310239131483, 13.6428466562517],
            [79.4306884885094, 13.6428105336558],
            [79.4306362721368, 13.6430969311555],
            [79.4306079518492, 13.6433833283076],
            [79.4305805155038, 13.643419450816],
            [79.4305265294502, 13.6437798122318],
            [79.4305017485247, 13.6438580762185],
            [79.4304318317479, 13.6439913841197],
            [79.430384925317, 13.6441238312026],
            [79.4303583747105, 13.6442528387331],
            [79.4303415591467, 13.6444489299395],
            [79.4302875173975, 13.6448397133789],
            [79.4302501807193, 13.6450856327132],
            [79.4302059297084, 13.6453342387622],
            [79.4301755064647, 13.6458032316999],
            [79.430132637961, 13.6462050322308],
            [79.4301049815284, 13.646469763214],
            [79.4300731757774, 13.6468084034828],
            [79.4300524327792, 13.6471551067353],
            [79.4300137135938, 13.6477195052743],
            [79.4299630953242, 13.6483860479619]
          ]
        ]
      },
      "properties": {
        "objectid": 4997,
        "id": "4896",
        "name": "Ward No 93",
        "code": "93",
        "town": "Tirupati",
        "district": "Tirupati",
        "state": "Andhra Pradesh",
        "st_area(shape)": 160090.401101058,
        "st_perimeter(shape)": 2896.62024558919
      }
    },
    {
      "type": "Feature",
      "id": 5002,
      "geometry": {
        "type": "Polygon",
        "coordinates": [
          [
            [79.4073154980164, 13.6449366304559],
            [79.4073126611367, 13.6449405744959],
            [79.4069898766922, 13.6454219642438],
            [79.4067631814403, 13.6456830567406],
            [79.4064683840085, 13.6458779691384],
            [79.4061353381085, 13.6460792277746],
            [79.4059965214476, 13.6462679025707],
            [79.4058215835292, 13.6465684473565],
            [79.4041666810616, 13.6480310823001],
            [79.4025586212446, 13.6472917081711],
            [79.4024417378497, 13.6472379665732],
            [79.3982139283561, 13.6452940424419],
            [79.3980504619238, 13.6452188814327],
            [79.394023704374, 13.6440238592878],
            [79.391611966788, 13.6433081239146],
            [79.3855409095528, 13.6422543188335],
            [79.3854981820846, 13.6422663640927],
            [79.3854127271482, 13.6422904554821],
            [79.3853272731102, 13.6423145459961],
            [79.3852418181739, 13.6423386373806],
            [79.3851563641358, 13.6423627278898],
            [79.3850709091995, 13.6423868192693],
            [79.3849854551614, 13.6424109097735],
            [79.3849000002251, 13.6424350002752],
            [79.3848145452888, 13.6424590916475],
            [79.3847290912507, 13.6424831821443],
            [79.3846436363144, 13.6425072735116],
            [79.3845581822763, 13.6425313640035],
            [79.38447272734, 13.6425554553659],
            [79.384387273302, 13.6425795458529],
            [79.3843018183656, 13.6426036363374],
            [79.3842163643276, 13.6426277268195],
            [79.3841309093912, 13.642651818172],
            [79.3840454553532, 13.6426759086491],
            [79.3839600004168, 13.6426999999968],
            [79.383878518729, 13.6427307407519],
            [79.3837970370412, 13.6427614815029],
            [79.3837155562516, 13.64279222225],
            [79.3836340745638, 13.642822962993],
            [79.3835525928759, 13.6428537037321],
            [79.3834711111881, 13.6428844444672],
            [79.3833896303986, 13.6429151851982],
            [79.3833081487107, 13.6429459259252],
            [79.3832266670229, 13.6429766666483],
            [79.383145185335, 13.6430074073673],
            [79.3830637036472, 13.6430381480823],
            [79.3829822228577, 13.6430688887934],
            [79.3829007411698, 13.6430996295004],
            [79.382819259482, 13.6431303702035],
            [79.3827377777941, 13.6431611109025],
            [79.3826562970046, 13.6431918515975],
            [79.3825748153167, 13.6432225922885],
            [79.3824933336289, 13.6432533329755],
            [79.382411851941, 13.6432840736585],
            [79.3823303702532, 13.6433148143375],
            [79.3822488894637, 13.6433455550125],
            [79.3821674077758, 13.6433762956835],
            [79.382085926088, 13.6434070363505],
            [79.3820044444001, 13.6434377770135],
            [79.3819229636106, 13.6434685176725],
            [79.3818414819227, 13.6434992592004],
            [79.3817600002349, 13.6435299998514],
            [79.381679999869, 13.6435114283574],
            [79.3816000004013, 13.6434928577348],
            [79.3815200000354, 13.6434742862378],
            [79.3814399996695, 13.6434557147394],
            [79.3813599993035, 13.6434371432394],
            [79.3812799998359, 13.6434185717381],
            [79.3811999994699, 13.6434000002352],
            [79.3811816657533, 13.6433183332694],
            [79.381163332935, 13.6432366671483],
            [79.3811450001167, 13.643155000126],
            [79.3811266664, 13.6430733330754],
            [79.3811083335817, 13.6429916668696],
            [79.3810899998651, 13.6429099997625],
            [79.3810840000173, 13.6428299999985],
            [79.3810779992712, 13.6427500002074],
            [79.3810719994234, 13.6426700003892],
            [79.3810659986773, 13.6425900005438],
            [79.3810599988295, 13.6425100006714],
            [79.3810539989817, 13.6424299998988],
            [79.3810479991339, 13.6423499999721],
            [79.3810419992862, 13.6422700000183],
            [79.3810359994384, 13.6421900000375],
            [79.3810299995906, 13.6421100000295],
            [79.3809903335809, 13.6420340008261],
            [79.3809506666729, 13.6419580007252],
            [79.3809109997649, 13.6418820014729],
            [79.3808713328569, 13.6418060013231],
            [79.3808316668472, 13.6417300020219],
            [79.3807919999392, 13.6416540018232],
            [79.3807523330312, 13.641578002473],
            [79.3807126661232, 13.6415020022254],
            [79.3806730001135, 13.6414260028262],
            [79.3806333332055, 13.6413500025297],
            [79.3805936662975, 13.6412740030816],
            [79.3805539993895, 13.6411980027361],
            [79.3805143333799, 13.6411220032391],
            [79.3804746664719, 13.6410460028447],
            [79.3804349995639, 13.6409700032988],
            [79.3803953326558, 13.6408940028555],
            [79.3803556666462, 13.6408180032606],
            [79.3803159997382, 13.6407420027684],
            [79.3802763328302, 13.6406660031246],
            [79.3802366659222, 13.6405900025833],
            [79.3801969999125, 13.6405140028907],
            [79.3801573330045, 13.6404380023005],
            [79.3801176660965, 13.6403620025589],
            [79.3800779991885, 13.6402860019198],
            [79.3800383331788, 13.6402100021293],
            [79.3799986662708, 13.6401340014413],
            [79.3799589993628, 13.6400580016018],
            [79.3799193324548, 13.6399820008648],
            [79.3798796664451, 13.6399060009765],
            [79.3798399995371, 13.6398300001906],
            [79.3797871426658, 13.6397600002492],
            [79.3797342848961, 13.6396900002871],
            [79.3796814280248, 13.6396200003042],
            [79.3796285711535, 13.6395500011735],
            [79.3795757142822, 13.6394800011491],
            [79.3795228565126, 13.6394100011039],
            [79.3794699996412, 13.639340001038],
            [79.3794171427699, 13.6392700009514],
            [79.3793642850003, 13.639200000844],
            [79.379311428129, 13.6391300007158],
            [79.3792585712577, 13.6390600014399],
            [79.3792057143864, 13.6389900012702],
            [79.3791528566167, 13.6389200010798],
            [79.3790999997454, 13.6388500008686],
            [79.3790471428741, 13.6387800006367],
            [79.3789942851044, 13.638710000384],
            [79.3789414282331, 13.6386400001106],
            [79.3788885713618, 13.6385700006894],
            [79.3788357144905, 13.6385000003745],
            [79.3787828567209, 13.6384300000388],
            [79.3787299998495, 13.6383599996824],
            [79.3786590625865, 13.6383096877591],
            [79.3785881244252, 13.6382593749522],
            [79.3785171871621, 13.6382090630074],
            [79.3784462490008, 13.638158751052],
            [79.3783753117377, 13.6381084390858],
            [79.3783043735763, 13.6380581262359],
            [79.3782334363133, 13.6380078142483],
            [79.3781624990503, 13.63795750225],
            [79.3780915608889, 13.6379071893679],
            [79.3780206245242, 13.6378568773482],
            [79.3779496863628, 13.6378065644447],
            [79.3778787490998, 13.6377562524035],
            [79.3778078109384, 13.6377059394786],
            [79.3777368745737, 13.637655627416],
            [79.3776659364124, 13.6376053144696],
            [79.3775949991493, 13.6375550023856],
            [79.3775240618863, 13.6375046902908],
            [79.3774531237249, 13.6374543773122],
            [79.3773821864619, 13.637404065196],
            [79.3773112483005, 13.6373537521961],
            [79.3772403119358, 13.6373034400584],
            [79.3771693737744, 13.637253127037],
            [79.3770984374097, 13.6372028148779],
            [79.3770274992483, 13.6371525018351],
            [79.3769565619853, 13.6371021887816],
            [79.3768856247223, 13.6370518765903],
            [79.3768146865609, 13.6370015635153],
            [79.3767437492979, 13.6369512513026],
            [79.3766728120349, 13.6369009382062],
            [79.3766018747718, 13.6368506259721],
            [79.3765309366104, 13.6368003128542],
            [79.3764599993474, 13.6367500005986],
            [79.3763878565452, 13.6366996429368],
            [79.3763157146414, 13.6366492861371],
            [79.3762435718393, 13.6365989293268],
            [79.3761714290371, 13.6365485725057],
            [79.3760992862349, 13.6364982156738],
            [79.3760271434328, 13.6364478579583],
            [79.3759550006306, 13.636397501105],
            [79.3758828578285, 13.6363471442409],
            [79.3758107150263, 13.6362967873661],
            [79.3757385722242, 13.6362464304806],
            [79.375666429422, 13.6361960735844],
            [79.3755942866199, 13.6361457166774],
            [79.3755221438177, 13.6360953597596],
            [79.3754500010156, 13.6360450028312],
            [79.3753778573151, 13.635994645019],
            [79.3753057145129, 13.635944288069],
            [79.3752335717108, 13.6358939311084],
            [79.3751614289087, 13.6358435741369],
            [79.3750892861065, 13.6357932171548],
            [79.3750171433044, 13.6357428601619],
            [79.3749450005022, 13.6356925031583],
            [79.3748728577001, 13.6356421461439],
            [79.3748007148979, 13.6355917891188],
            [79.3747285720958, 13.635541432083],
            [79.3746564292936, 13.6354910750364],
            [79.3745842864914, 13.6354407179791],
            [79.3745121436893, 13.6353903609111],
            [79.3744400008871, 13.6353400038323],
            [79.3743678571867, 13.6352896458698],
            [79.3742957143845, 13.6352392887695],
            [79.3742235715824, 13.6351889316586],
            [79.3741514287802, 13.6351385745369],
            [79.3740792859781, 13.6350882174044],
            [79.3740071431759, 13.6350378602612],
            [79.3739350003738, 13.6349875031073],
            [79.3738628575716, 13.6349371459426],
            [79.3737907147694, 13.6348867887672],
            [79.3737185719673, 13.6348364315811],
            [79.3736464291651, 13.6347860743842],
            [79.373574286363, 13.6347357171766],
            [79.3735021435608, 13.6346853599582],
            [79.3734300007587, 13.6346350027291],
            [79.3733578570582, 13.6345846446164],
            [79.3732857142561, 13.6345342873658],
            [79.3732135714539, 13.6344839301045],
            [79.3731414286518, 13.6344335728325],
            [79.3730692858496, 13.6343832155497],
            [79.3729971430474, 13.6343328582562],
            [79.3729250002453, 13.634282500952],
            [79.3728528574432, 13.634232143637],
            [79.372780714641, 13.6341817863113],
            [79.3727085718388, 13.6341314289749],
            [79.3726364290367, 13.6340810716277],
            [79.3725642862345, 13.6340307142698],
            [79.3724921434324, 13.6339803569012],
            [79.3724200006302, 13.6339299995218],
            [79.3723610720459, 13.6338664283675],
            [79.3723021434616, 13.6338028571961],
            [79.3722432148773, 13.6337392860076],
            [79.3721842862929, 13.633675714802],
            [79.3721253577086, 13.6336121435793],
            [79.3720664291243, 13.6335485723394],
            [79.37200750054, 13.6334850010825],
            [79.3719485719556, 13.6334214298084],
            [79.3718896433713, 13.6333578585172],
            [79.371830714787, 13.633294287209],
            [79.3717717862027, 13.6332307158836],
            [79.3717128576184, 13.6331671445412],
            [79.371653929034, 13.6331035731816],
            [79.3715950004497, 13.6330400018049],
            [79.3715360718654, 13.6329764304111],
            [79.3714771432811, 13.6329128590002],
            [79.3714182146968, 13.6328492875722],
            [79.3713592861124, 13.632785716127],
            [79.3713003575281, 13.6327221446648],
            [79.3712414289438, 13.6326585731855],
            [79.3711825003595, 13.632595001689],
            [79.3711235717751, 13.6325314301755],
            [79.3710646431908, 13.6324678586448],
            [79.3710057146065, 13.6324042870971],
            [79.3709467860222, 13.6323407155322],
            [79.3708878574378, 13.6322771439502],
            [79.3708289288535, 13.6322135723512],
            [79.3707700002692, 13.632150000735],
            [79.3707586671236, 13.6320666676693],
            [79.3707473330796, 13.6319833345742],
            [79.370735999934, 13.6319000014497],
            [79.3707246658901, 13.6318166674229],
            [79.3707133327444, 13.6317333342396],
            [79.3707019995988, 13.631650001027],
            [79.3706906655549, 13.6315666677849],
            [79.3706793324093, 13.6314833345135],
            [79.3706679992636, 13.6314000012127],
            [79.370656666118, 13.6313166678825],
            [79.3706453329724, 13.6312333345228],
            [79.3706339998268, 13.6311500002608],
            [79.3706226666811, 13.6310666668424],
            [79.3706113335355, 13.6309833333947],
            [79.3706000003899, 13.6308999999175],
            [79.3706173684176, 13.6308184211684],
            [79.3706347373436, 13.6307368423912],
            [79.3706521053713, 13.6306552635858],
            [79.3706694742973, 13.6305736847522],
            [79.370686842325, 13.6304921058905],
            [79.370704211251, 13.6304105270006],
            [79.3707215792788, 13.6303289480825],
            [79.3707389482048, 13.6302473691363],
            [79.3707563171308, 13.6301657901618],
            [79.3707736851585, 13.6300842120323],
            [79.3707910531862, 13.6300026330016],
            [79.3708084221122, 13.6299210539427],
            [79.3708257901399, 13.6298394748556],
            [79.3708431581676, 13.6297578957404],
            [79.3708605270936, 13.629676316597],
            [79.3708778951213, 13.6295947374255],
            [79.3708952640474, 13.6295131582258],
            [79.3709126320751, 13.6294315789979],
            [79.3709300001028, 13.6293499997418],
            [79.37096000024, 13.6292693746678],
            [79.3709899994789, 13.6291887504393],
            [79.3710199996161, 13.6291081253103],
            [79.3710499997534, 13.6290275001538],
            [79.3710799998906, 13.6289468758428],
            [79.3711100000278, 13.6288662506313],
            [79.371140000165, 13.6287856253922],
            [79.371169999404, 13.6287050009987],
            [79.3711999995412, 13.6286243757046],
            [79.3712299996784, 13.628543750383],
            [79.3712599998157, 13.6284631250339],
            [79.3712899990546, 13.6283825005304],
            [79.3713199991918, 13.6283018751263],
            [79.371349999329, 13.6282212496947],
            [79.3713799994662, 13.6281406251086],
            [79.3714099996035, 13.628059999622],
            [79.3714400805891, 13.6280215114885],
            [79.3697041312183, 13.6284956459884],
            [79.3700717604601, 13.6275296684553],
            [79.3709312936768, 13.6252711564341],
            [79.3719765284256, 13.6231584881119],
            [79.3730217631745, 13.6210458000371],
            [79.3833577357144, 13.6240394731253],
            [79.3845752125375, 13.624011229448],
            [79.3851057512561, 13.6239989213463],
            [79.3858866216983, 13.6239706802833],
            [79.3866674912421, 13.6239424383439],
            [79.3872270653074, 13.6239250587543],
            [79.3877866384743, 13.6239076800365],
            [79.3891829644805, 13.623856265879],
            [79.3906813705441, 13.6238055763332],
            [79.3914831016638, 13.6237939910977],
            [79.3922647177077, 13.6240387493762],
            [79.3929263709319, 13.6242487491441],
            [79.3940812836887, 13.6246079219207],
            [79.3950588609236, 13.6249091630145],
            [79.396057301531, 13.6252176446716],
            [79.3969260936833, 13.6254913678516],
            [79.3979804166879, 13.6258165035839],
            [79.3989244643048, 13.6261018129395],
            [79.3998372173122, 13.6263769825795],
            [79.4005763619077, 13.6266021875672],
            [79.4014958208387, 13.6268889434551],
            [79.4019153152117, 13.6270142186027],
            [79.402491280836, 13.6271916299937],
            [79.4033384649124, 13.6274501445192],
            [79.4040560005338, 13.6276681067394],
            [79.405211657994, 13.6280316184873],
            [79.4061951964491, 13.6283495098741],
            [79.4071414799728, 13.6286623320697],
            [79.407990153456, 13.6289389479426],
            [79.4089759278178, 13.6292590110543],
            [79.4097068752864, 13.6294965228576],
            [79.410021941406, 13.6295981814822],
            [79.4097800574394, 13.6305296542576],
            [79.4102183634328, 13.6306526803365],
            [79.4099649109619, 13.6316732082668],
            [79.4090809875869, 13.6313046500012],
            [79.4085173576282, 13.6311072671704],
            [79.4082420689094, 13.6319225678759],
            [79.408859725346, 13.6320885059901],
            [79.4085072551746, 13.6330722122125],
            [79.4074037565947, 13.632678296156],
            [79.4071943817599, 13.6339020433713],
            [79.4075474403278, 13.6337741921524],
            [79.4080110976768, 13.6336584433076],
            [79.4083173674932, 13.6337121836315],
            [79.4084343452111, 13.6338237987828],
            [79.4085609043599, 13.6346775623276],
            [79.4086763953661, 13.634975893976],
            [79.4088411490842, 13.6352981741788],
            [79.4090824769937, 13.6357702364256],
            [79.4093164405145, 13.636219904568],
            [79.4095787171364, 13.6367180857638],
            [79.4096644038381, 13.6370634812546],
            [79.4097269930572, 13.637332846715],
            [79.4097553636505, 13.6374199291578],
            [79.4098324903059, 13.6376566680182],
            [79.4104661367544, 13.6378976423767],
            [79.4108222963067, 13.6380446359686],
            [79.4105478672756, 13.6385227102127],
            [79.4102224875983, 13.6391807384799],
            [79.4101405262101, 13.6395804376682],
            [79.4099937405943, 13.6402241539909],
            [79.4098864458168, 13.6405948877657],
            [79.4098122332962, 13.6407959815489],
            [79.4096582045643, 13.6410934944735],
            [79.409459270848, 13.6414729077398],
            [79.4092596292593, 13.6418645524923],
            [79.4089536379207, 13.6424429530386],
            [79.4087092171117, 13.6429334136624],
            [79.4085422274869, 13.643257969307],
            [79.4081979858835, 13.6437266704348],
            [79.4077399304285, 13.6443467687695],
            [79.4073154980164, 13.6449366304559]
          ]
        ]
      },
      "properties": {
        "objectid": 5002,
        "id": "4895",
        "name": "Ward No 46",
        "code": "46",
        "town": "Tirupati",
        "district": "Tirupati",
        "state": "Andhra Pradesh",
        "st_area(shape)": 8670289.54308277,
        "st_perimeter(shape)": 13531.1495874796
      }
    },
    {
      "type": "Feature",
      "id": 5003,
      "geometry": {
        "type": "Polygon",
        "coordinates": [
          [
            [79.4206093029867, 13.6539937297375],
            [79.4207000723562, 13.6544283165302],
            [79.4208723162271, 13.6552529913245],
            [79.4184208695123, 13.6545648124952],
            [79.4130405116277, 13.6519506530372],
            [79.4137442051089, 13.6498042510414],
            [79.4139192642999, 13.6494537823058],
            [79.4140359707267, 13.6492592525928],
            [79.4141664546149, 13.6489985664812],
            [79.4145935667016, 13.649222237082],
            [79.4147483643913, 13.6489402868223],
            [79.4153464833688, 13.6489237471011],
            [79.4158043923983, 13.6486788120866],
            [79.4158238436192, 13.6484393903608],
            [79.4158530200013, 13.6481219982833],
            [79.4158659880807, 13.6478762741622],
            [79.4156277126466, 13.647847134196],
            [79.4153918689519, 13.6478132689433],
            [79.4154015923165, 13.6474643720561],
            [79.4158549953966, 13.6474828315013],
            [79.4166730533966, 13.6475222103658],
            [79.4173784060661, 13.6475345154957],
            [79.418036904407, 13.647501290072],
            [79.4184687272591, 13.6474176097515],
            [79.4189841284668, 13.6473265459678],
            [79.4193609214228, 13.6472535278324],
            [79.4194222835433, 13.6472416355946],
            [79.4194995296745, 13.6476600354669],
            [79.4195729777288, 13.6481904183253],
            [79.4196172997066, 13.6483307047521],
            [79.4196730186104, 13.6486408117997],
            [79.4197051441616, 13.648802479928],
            [79.4197084769113, 13.648819246624],
            [79.4197148082374, 13.6489570718405],
            [79.4197616634643, 13.6491084328783],
            [79.4198414428447, 13.6495932814587],
            [79.419914890899, 13.6500916640153],
            [79.4199744087781, 13.6505678963969],
            [79.4200123985315, 13.6506749564332],
            [79.4200807809859, 13.6511893350466],
            [79.4201589910095, 13.6516384919554],
            [79.4202359847142, 13.6519968330685],
            [79.4202983897786, 13.6523803752417],
            [79.4203583640019, 13.6527922687652],
            [79.4206093029867, 13.6539937297375]
          ]
        ]
      },
      "properties": {
        "objectid": 5003,
        "id": "4900",
        "name": "Ward No 79",
        "code": "79",
        "town": "Tirupati",
        "district": "Tirupati",
        "state": "Andhra Pradesh",
        "st_area(shape)": 486835.931927382,
        "st_perimeter(shape)": 3099.70720321344
      }
    },
    {
      "type": "Feature",
      "id": 5004,
      "geometry": {
        "type": "Polygon",
        "coordinates": [
          [
            [79.4171803958179, 13.6428209507988],
            [79.4172058621579, 13.6432523962811],
            [79.416669880547, 13.6432860369627],
            [79.4166615244183, 13.6431943945531],
            [79.4164251668872, 13.6432094750736],
            [79.4164331088926, 13.6435435482941],
            [79.4172189928324, 13.6435052844172],
            [79.4172571918933, 13.6443184707776],
            [79.4168155145226, 13.6443138301021],
            [79.4168368549004, 13.645261801402],
            [79.4166114693923, 13.6452766618044],
            [79.4166398462738, 13.645989843045],
            [79.4167760632102, 13.645989843045],
            [79.416769934005, 13.6461256359239],
            [79.4155855502187, 13.646089326144],
            [79.415587841821, 13.646217022292],
            [79.4150273173382, 13.6462046795562],
            [79.4150273173382, 13.6463543226357],
            [79.4144482067122, 13.6463534697575],
            [79.4144647033741, 13.6459372560738],
            [79.4144655136545, 13.6456411250374],
            [79.4133805625903, 13.645591409151],
            [79.4134113487534, 13.6447462427167],
            [79.4135261911759, 13.644525905211],
            [79.4135911276929, 13.6443764853238],
            [79.41375717229, 13.6443061689717],
            [79.413641277042, 13.6440659545227],
            [79.4134514773954, 13.6441171477864],
            [79.4132408574956, 13.6437400407811],
            [79.4121394960078, 13.6437784844508],
            [79.4112820387978, 13.6438075254013],
            [79.4112868923953, 13.6437335921818],
            [79.4113541609387, 13.6432555249974],
            [79.4113922459135, 13.6429207198214],
            [79.4114332935321, 13.6426569067137],
            [79.4114603453985, 13.642385838923],
            [79.4121181071209, 13.6423203407788],
            [79.4127552938301, 13.6422674710204],
            [79.4128594930131, 13.6424502763897],
            [79.4132689154752, 13.642427874215],
            [79.4134330538473, 13.6423920317786],
            [79.4135778272368, 13.6423839646544],
            [79.4136755720245, 13.6425685630145],
            [79.4137834605885, 13.6428293295581],
            [79.4138904265826, 13.6431599917574],
            [79.4146299691319, 13.6430874070712],
            [79.4154525025386, 13.6429986933944],
            [79.4154641833323, 13.6429970513403],
            [79.4156535446009, 13.6429704135732],
            [79.4159811017945, 13.6429345450301],
            [79.4160595813127, 13.6429260283454],
            [79.4166352927136, 13.6428567311892],
            [79.4171803958179, 13.6428209507988]
          ]
        ]
      },
      "properties": {
        "objectid": 5004,
        "id": "4901",
        "name": "Ward No 82",
        "code": "82",
        "town": "Tirupati",
        "district": "Tirupati",
        "state": "Andhra Pradesh",
        "st_area(shape)": 172015.386377554,
        "st_perimeter(shape)": 2514.83971947974
      }
    },
    {
      "type": "Feature",
      "id": 5006,
      "geometry": {
        "type": "Polygon",
        "coordinates": [
          [
            [79.4171803958179, 13.6428209507988],
            [79.4166352927136, 13.6428567311892],
            [79.4160595813127, 13.6429260283454],
            [79.4159811017945, 13.6429345450301],
            [79.4156535446009, 13.6429704135732],
            [79.4154641833323, 13.6429970513403],
            [79.4155573305423, 13.6423788848366],
            [79.4156576031893, 13.6418545438584],
            [79.4157244513212, 13.6413731241378],
            [79.415529874434, 13.6407304559013],
            [79.4153317168621, 13.64013186788],
            [79.4149270446912, 13.6401295475011],
            [79.4142490097895, 13.6400228231432],
            [79.4134778645086, 13.6399416185614],
            [79.4134671215561, 13.6404068011874],
            [79.4134217602275, 13.6407211752822],
            [79.4133596866414, 13.6413406424942],
            [79.4133943041192, 13.6417652203829],
            [79.4134330538473, 13.6423920317786],
            [79.4132689154752, 13.642427874215],
            [79.4128594930131, 13.6424502763897],
            [79.4127552938301, 13.6422674710204],
            [79.4121181071209, 13.6423203407788],
            [79.4114603453985, 13.642385838923],
            [79.4113316069368, 13.64218367012],
            [79.4111273012952, 13.6418509541938],
            [79.4108036454848, 13.641343108648],
            [79.410886236592, 13.6412688769722],
            [79.4114741704708, 13.6406228553456],
            [79.4118736342096, 13.6401800449812],
            [79.4127086470123, 13.6397517724066],
            [79.412852614613, 13.6396136546041],
            [79.413159114398, 13.6392214727255],
            [79.4134409006313, 13.638728112193],
            [79.4136873642093, 13.6387639770102],
            [79.4144720533897, 13.6388386494575],
            [79.4151670960947, 13.6389020080114],
            [79.4159704118426, 13.6389597104876],
            [79.4165915196065, 13.6390021270104],
            [79.4171497731482, 13.6390807679638],
            [79.4179169981812, 13.639159965854],
            [79.4185223962074, 13.6392040881489],
            [79.4186111820968, 13.6399465421683],
            [79.4186620006907, 13.640781322522],
            [79.4186718372431, 13.6420159634734],
            [79.4186636401162, 13.642705764216],
            [79.4172161128336, 13.6427838269029],
            [79.4171803958179, 13.6428209507988]
          ]
        ]
      },
      "properties": {
        "objectid": 5006,
        "id": "4903",
        "name": "Ward No 76",
        "code": "76",
        "town": "Tirupati",
        "district": "Tirupati",
        "state": "Andhra Pradesh",
        "st_area(shape)": 250716.224654862,
        "st_perimeter(shape)": 2956.93363161674
      }
    },
    {
      "type": "Feature",
      "id": 5007,
      "geometry": {
        "type": "Polygon",
        "coordinates": [
          [
            [79.4193609214228, 13.6472535278324],
            [79.4189841284668, 13.6473265459678],
            [79.4184687272591, 13.6474176097515],
            [79.418036904407, 13.647501290072],
            [79.4173784060661, 13.6475345154957],
            [79.4166730533966, 13.6475222103658],
            [79.4158549953966, 13.6474828315013],
            [79.4154015923165, 13.6474643720561],
            [79.4152159994805, 13.6474470457015],
            [79.4147321551904, 13.6473982162422],
            [79.4144047291508, 13.6473619869696],
            [79.414419317791, 13.6469595354391],
            [79.4144420110317, 13.6465098275177],
            [79.4144482067122, 13.6463534697575],
            [79.4150273173382, 13.6463543226357],
            [79.4150273173382, 13.6462046795562],
            [79.415587841821, 13.646217022292],
            [79.4155855502187, 13.646089326144],
            [79.416769934005, 13.6461256359239],
            [79.4167760632102, 13.645989843045],
            [79.4166398462738, 13.645989843045],
            [79.4166114693923, 13.6452766618044],
            [79.4168368549004, 13.645261801402],
            [79.4168155145226, 13.6443138301021],
            [79.4172571918933, 13.6443184707776],
            [79.4172189928324, 13.6435052844172],
            [79.4164331088926, 13.6435435482941],
            [79.4164251668872, 13.6432094750736],
            [79.4166615244183, 13.6431943945531],
            [79.416669880547, 13.6432860369627],
            [79.4172058621579, 13.6432523962811],
            [79.4171803958179, 13.6428209507988],
            [79.4172161128336, 13.6427838269029],
            [79.4186636401162, 13.642705764216],
            [79.418737408869, 13.6433923809776],
            [79.4188062620406, 13.6439037567515],
            [79.4189062607014, 13.6444963772355],
            [79.4189816697779, 13.6449934131019],
            [79.4190013419843, 13.6452690120538],
            [79.4191013415434, 13.6459683639225],
            [79.4192160941344, 13.6465944334929],
            [79.4193609214228, 13.6472535278324]
          ]
        ]
      },
      "properties": {
        "objectid": 5007,
        "id": "4904",
        "name": "Ward No 81",
        "code": "81",
        "town": "Tirupati",
        "district": "Tirupati",
        "state": "Andhra Pradesh",
        "st_area(shape)": 165632.949164033,
        "st_perimeter(shape)": 2316.5589624045
      }
    },
    {
      "type": "Feature",
      "id": 5008,
      "geometry": {
        "type": "Polygon",
        "coordinates": [
          [
            [79.4219750844766, 13.6423664406354],
            [79.4218537750823, 13.6425512380464],
            [79.4218767252412, 13.6426261126979],
            [79.4215832851638, 13.6429033075822],
            [79.4214898442046, 13.6431008490371],
            [79.4213931234962, 13.6432187363896],
            [79.4213177144197, 13.6432617492571],
            [79.4210439465487, 13.6432967971609],
            [79.420207888107, 13.6433414031797],
            [79.418737408869, 13.6433923809776],
            [79.4186636401162, 13.642705764216],
            [79.4186718372431, 13.6420159634734],
            [79.4186620006907, 13.640781322522],
            [79.4186111820968, 13.6399465421683],
            [79.4185223962074, 13.6392040881489],
            [79.418517739341, 13.6390377752861],
            [79.4184863045942, 13.6383906161656],
            [79.4185247246406, 13.6379810493351],
            [79.418509590723, 13.637270529217],
            [79.4185421878897, 13.6372331923119],
            [79.4191489046428, 13.6371439901798],
            [79.4191731986813, 13.6371404170305],
            [79.4196866217988, 13.6370589556713],
            [79.4200195904437, 13.6370499045044],
            [79.4206003315119, 13.6370376110498],
            [79.4205624980654, 13.6385252375049],
            [79.4212665248216, 13.638529176414],
            [79.4212627060833, 13.6388061063564],
            [79.4206883547317, 13.6388089802202],
            [79.4206897884429, 13.6389998773321],
            [79.420581996897, 13.6390043382774],
            [79.4205858165336, 13.6390711572922],
            [79.4206912464086, 13.6390711572922],
            [79.4206943024771, 13.6393480865989],
            [79.4213459799101, 13.6393428897361],
            [79.4213475079444, 13.6390800669583],
            [79.4214397523477, 13.6390799945007],
            [79.4214216252436, 13.6399336133351],
            [79.4212512462752, 13.6399316421463],
            [79.4212474257403, 13.6398024585313],
            [79.4206729108953, 13.6397972616785],
            [79.4206629791215, 13.6400689932867],
            [79.4213259106484, 13.6400835484733],
            [79.4213282354883, 13.6418476561022],
            [79.4214208499975, 13.6420475755437],
            [79.4214849349115, 13.6421529677044],
            [79.4219750844766, 13.6423664406354]
          ]
        ]
      },
      "properties": {
        "objectid": 5008,
        "id": "4905",
        "name": "Ward No 70",
        "code": "70",
        "town": "Tirupati",
        "district": "Tirupati",
        "state": "Andhra Pradesh",
        "st_area(shape)": 202837.783078748,
        "st_perimeter(shape)": 2502.23970436626
      }
    },
    {
      "type": "Feature",
      "id": 5009,
      "geometry": {
        "type": "Polygon",
        "coordinates": [
          [
            [79.4237350098824, 13.6502969581587],
            [79.4235600495061, 13.6504851346248],
            [79.4230837537593, 13.6510860166591],
            [79.4226957938459, 13.651561616773],
            [79.4225265171104, 13.6517578441945],
            [79.4219523499134, 13.6523728069043],
            [79.4211490512335, 13.653275228609],
            [79.4206093029867, 13.6539937297375],
            [79.4203583640019, 13.6527922687652],
            [79.4202983897786, 13.6523803752417],
            [79.4202359847142, 13.6519968330685],
            [79.4201589910095, 13.6516384919554],
            [79.4200807809859, 13.6511893350466],
            [79.4200123985315, 13.6506749564332],
            [79.4199744087781, 13.6505678963969],
            [79.419914890899, 13.6500916640153],
            [79.4198414428447, 13.6495932814587],
            [79.4197616634643, 13.6491084328783],
            [79.4197148082374, 13.6489570718405],
            [79.4197084769113, 13.648819246624],
            [79.4205311881845, 13.6488213329676],
            [79.4211985313377, 13.6489015838554],
            [79.4211689830531, 13.6493319506096],
            [79.4224045258949, 13.6494051680062],
            [79.4232389377246, 13.6494944885902],
            [79.4239408471516, 13.6495571293423],
            [79.4243753613562, 13.6495977308555],
            [79.4238059561286, 13.6502206534432],
            [79.4237350098824, 13.6502969581587]
          ]
        ]
      },
      "properties": {
        "objectid": 5009,
        "id": "4906",
        "name": "Ward No 83",
        "code": "83",
        "town": "Tirupati",
        "district": "Tirupati",
        "state": "Andhra Pradesh",
        "st_area(shape)": 146201.152076349,
        "st_perimeter(shape)": 1831.76379947795
      }
    },
    {
      "type": "Feature",
      "id": 5015,
      "geometry": {
        "type": "Polygon",
        "coordinates": [
          [
            [79.4316860308015, 13.6558508993917],
            [79.4319273883554, 13.6559059920549],
            [79.4316084361238, 13.6578723787209],
            [79.4297166416277, 13.6578316101597],
            [79.4289868637656, 13.6576134121681],
            [79.4266604652333, 13.6569178370168],
            [79.4270350222826, 13.6547851065819],
            [79.4270768110113, 13.6545409449551],
            [79.4270912011238, 13.6539763933872],
            [79.4271646060589, 13.6536046627986],
            [79.4274804393398, 13.653634390408],
            [79.4277416891873, 13.6536778980736],
            [79.4283450839704, 13.6536637313061],
            [79.4291193742532, 13.6536503510469],
            [79.4296352973821, 13.6536424824626],
            [79.4296263878911, 13.6539596576102],
            [79.4296020902593, 13.6540548888094],
            [79.4295867012202, 13.6543366478957],
            [79.4295534940973, 13.6544436843985],
            [79.4295170476496, 13.6546892393149],
            [79.4294441547542, 13.6550402563248],
            [79.4293953870141, 13.6555308967734],
            [79.4301674180339, 13.6556502086344],
            [79.4301579740453, 13.655717010715],
            [79.4304290245126, 13.6557745580643],
            [79.4304373411155, 13.655705193975],
            [79.4309283288088, 13.655758799214],
            [79.4311231320714, 13.6557800670711],
            [79.4316860308015, 13.6558508993917]
          ]
        ]
      },
      "properties": {
        "objectid": 5015,
        "id": "4911",
        "name": "Ward No 92",
        "code": "92",
        "town": "Tirupati",
        "district": "Tirupati",
        "state": "Andhra Pradesh",
        "st_area(shape)": 184403.44576546,
        "st_perimeter(shape)": 1974.43953981382
      }
    },
    {
      "type": "Feature",
      "id": 5010,
      "geometry": {
        "type": "MultiPolygon",
        "coordinates": [
          [
            [
              [79.4214397523477, 13.6390799945007],
              [79.4213475079444, 13.6390800669583],
              [79.4213459799101, 13.6393428897361],
              [79.4206943024771, 13.6393480865989],
              [79.4206912464086, 13.6390711572922],
              [79.4205858165336, 13.6390711572922],
              [79.420581996897, 13.6390043382774],
              [79.4206897884429, 13.6389998773321],
              [79.4206883547317, 13.6388089802202],
              [79.4212627060833, 13.6388061063564],
              [79.4212665248216, 13.638529176414],
              [79.4214553992033, 13.6385309188925],
              [79.4214397523477, 13.6390799945007]
            ]
          ],
          [
            [
              [79.4214397523477, 13.6390799945007],
              [79.421899581077, 13.6390669346725],
              [79.4221657806418, 13.6390251728989],
              [79.4225179651489, 13.6389173253847],
              [79.4230784159698, 13.638755409542],
              [79.4231168521859, 13.6389811527095],
              [79.42285767565, 13.6390203112546],
              [79.4228834555021, 13.6391901885182],
              [79.4228645190159, 13.6392350030827],
              [79.422803594375, 13.6395792294621],
              [79.4229079031525, 13.6395792294621],
              [79.4229200726297, 13.6399855434169],
              [79.4228027248058, 13.6399999039341],
              [79.4228124095429, 13.6401559420276],
              [79.422623443533, 13.6401777184919],
              [79.4225663996141, 13.6404218967266],
              [79.422464211759, 13.6407791776179],
              [79.4224654586206, 13.6408699706859],
              [79.4226110395955, 13.6408824228227],
              [79.4232660318119, 13.6409291017435],
              [79.4232556499821, 13.6412292779476],
              [79.4232783306464, 13.6418522234964],
              [79.423324885836, 13.6422083577574],
              [79.4233654708223, 13.6424415266044],
              [79.4233917348662, 13.6428394219557],
              [79.4221049009167, 13.642897423771],
              [79.4219401669615, 13.6428069405139],
              [79.4220678957169, 13.6425575312892],
              [79.4220917702422, 13.6424786479352],
              [79.4220798325304, 13.6424090459808],
              [79.4219750844766, 13.6423664406354],
              [79.4214849349115, 13.6421529677044],
              [79.4214208499975, 13.6420475755437],
              [79.4213282354883, 13.6418476561022],
              [79.4213259106484, 13.6400835484733],
              [79.4206629791215, 13.6400689932867],
              [79.4206729108953, 13.6397972616785],
              [79.4212474257403, 13.6398024585313],
              [79.4212512462752, 13.6399316421463],
              [79.4214216252436, 13.6399336133351],
              [79.4214397523477, 13.6390799945007]
            ]
          ]
        ]
      },
      "properties": {
        "objectid": 5010,
        "id": "4907",
        "name": "Ward No 69",
        "code": "69",
        "town": "Tirupati",
        "district": "Tirupati",
        "state": "Andhra Pradesh",
        "st_area(shape)": 85308.4266863077,
        "st_perimeter(shape)": 2014.68640538636
      }
    },
    {
      "type": "Feature",
      "id": 5011,
      "geometry": {
        "type": "Polygon",
        "coordinates": [
          [
            [79.4330411277294, 13.6550051185083],
            [79.432785100687, 13.6550213679923],
            [79.4323558398301, 13.655043404962],
            [79.4318820324167, 13.6550701635756],
            [79.4318650246134, 13.6547577133194],
            [79.4318994229023, 13.6543930939487],
            [79.4319223344336, 13.6542773194246],
            [79.4319742687351, 13.6539789763813],
            [79.4320017625727, 13.6537652372372],
            [79.4320323124789, 13.6535040009215],
            [79.4320918833586, 13.653287293383],
            [79.4321056302774, 13.6531329260326],
            [79.432131596979, 13.6529859802467],
            [79.4321621468852, 13.6528716890166],
            [79.4321590917149, 13.6526460752353],
            [79.4322003333696, 13.652439756566],
            [79.4322033876416, 13.6522141423715],
            [79.432220190629, 13.6518905653848],
            [79.4325998563973, 13.6518655086354],
            [79.4327670220919, 13.6517068655849],
            [79.4329840433864, 13.6514978740334],
            [79.4331169051152, 13.6514912335999],
            [79.4331191616832, 13.6519937166892],
            [79.433122061445, 13.6529685399435],
            [79.4331390045696, 13.6532249905726],
            [79.433131218871, 13.653775134504],
            [79.433104524534, 13.6544895636551],
            [79.4330411277294, 13.6550051185083]
          ]
        ]
      },
      "properties": {
        "objectid": 5011,
        "id": "4913",
        "name": "Ward No 100",
        "code": "100",
        "town": "Tirupati",
        "district": "Tirupati",
        "state": "Andhra Pradesh",
        "st_area(shape)": 44611.4409833705,
        "st_perimeter(shape)": 1017.21281068082
      }
    },
    {
      "type": "Feature",
      "id": 5012,
      "geometry": {
        "type": "Polygon",
        "coordinates": [
          [
            [79.4261377858751, 13.6476498359023],
            [79.4261287748745, 13.6477334428127],
            [79.4255961673358, 13.6482979901156],
            [79.4252159688665, 13.6487048765559],
            [79.4248783774912, 13.6490608031909],
            [79.4246128938837, 13.6493506394932],
            [79.4243753613562, 13.6495977308555],
            [79.4239408471516, 13.6495571293423],
            [79.4232389377246, 13.6494944885902],
            [79.4224045258949, 13.6494051680062],
            [79.4211689830531, 13.6493319506096],
            [79.4211985313377, 13.6489015838554],
            [79.4205311881845, 13.6488213329676],
            [79.4197084769113, 13.648819246624],
            [79.4197051441616, 13.648802479928],
            [79.4196730186104, 13.6486408117997],
            [79.4196172997066, 13.6483307047521],
            [79.4195729777288, 13.6481904183253],
            [79.4194995296745, 13.6476600354669],
            [79.4194222835433, 13.6472416355946],
            [79.4193609214228, 13.6472535278324],
            [79.4192160941344, 13.6465944334929],
            [79.4191013415434, 13.6459683639225],
            [79.4190013419843, 13.6452690120538],
            [79.4189816697779, 13.6449934131019],
            [79.4194416557124, 13.6449594933161],
            [79.4195847061332, 13.6451418269478],
            [79.4204746320508, 13.6453345669952],
            [79.421125802834, 13.645497626267],
            [79.4216754487187, 13.6455834032432],
            [79.4221715127916, 13.6456190182256],
            [79.4221735546623, 13.6457706555135],
            [79.4221424181562, 13.6458144500866],
            [79.4221342237242, 13.6460867727441],
            [79.4220965313132, 13.646292209172],
            [79.4220621168546, 13.6463989088716],
            [79.422059659064, 13.6465095892008],
            [79.4220023016331, 13.6467134321179],
            [79.4219678871746, 13.6468981650187],
            [79.4219605120061, 13.6469419593825],
            [79.4221080036977, 13.6469515147375],
            [79.4227315629639, 13.6469905314149],
            [79.4230158932261, 13.6470016790358],
            [79.4232305744093, 13.6470136236629],
            [79.4233624973987, 13.6470327334939],
            [79.42361650952, 13.6470486587883],
            [79.423851675885, 13.6470574180053],
            [79.4239385312948, 13.6470765278327],
            [79.4241089659587, 13.6470836939085],
            [79.4244277106794, 13.6471067861474],
            [79.4246931942869, 13.6471306736447],
            [79.4249365550839, 13.6471450084116],
            [79.4249586787927, 13.647405384054],
            [79.4249767052855, 13.6475391552349],
            [79.4252774235134, 13.6475534882311],
            [79.4255765023159, 13.6475980786052],
            [79.4261377858751, 13.6476498359023]
          ]
        ]
      },
      "properties": {
        "objectid": 5012,
        "id": "4908",
        "name": "Ward No 84",
        "code": "84",
        "town": "Tirupati",
        "district": "Tirupati",
        "state": "Andhra Pradesh",
        "st_area(shape)": 227982.96996366,
        "st_perimeter(shape)": 2360.18823235599
      }
    },
    {
      "type": "Feature",
      "id": 5013,
      "geometry": {
        "type": "Polygon",
        "coordinates": [
          [
            [79.4233503045653, 13.6443495587614],
            [79.4228818035003, 13.6443678892515],
            [79.422878050339, 13.6450711581475],
            [79.4227652641601, 13.645065929984],
            [79.4227577919736, 13.6451768955236],
            [79.4227052207665, 13.6451704041885],
            [79.4226977279188, 13.6452687396902],
            [79.4225750773397, 13.6452622370091],
            [79.4225805687411, 13.6454176588066],
            [79.4226187722935, 13.6454211707235],
            [79.422609604986, 13.6456315382028],
            [79.4221721505955, 13.645594371101],
            [79.4221715127916, 13.6456190182256],
            [79.4216754487187, 13.6455834032432],
            [79.421125802834, 13.645497626267],
            [79.4204746320508, 13.6453345669952],
            [79.4195847061332, 13.6451418269478],
            [79.4194416557124, 13.6449594933161],
            [79.4189816697779, 13.6449934131019],
            [79.4189062607014, 13.6444963772355],
            [79.4188062620406, 13.6439037567515],
            [79.418737408869, 13.6433923809776],
            [79.420207888107, 13.6433414031797],
            [79.4210439465487, 13.6432967971609],
            [79.4213177144197, 13.6432617492571],
            [79.4213931234962, 13.6432187363896],
            [79.4214898442046, 13.6431008490371],
            [79.4215832851638, 13.6429033075822],
            [79.4218767252412, 13.6426261126979],
            [79.4218537750823, 13.6425512380464],
            [79.4219750844766, 13.6423664406354],
            [79.4220798325304, 13.6424090459808],
            [79.4220917702422, 13.6424786479352],
            [79.4220678957169, 13.6425575312892],
            [79.4219401669615, 13.6428069405139],
            [79.4221049009167, 13.642897423771],
            [79.4219084348725, 13.6430710336767],
            [79.4218370565366, 13.6432508144637],
            [79.4218630133567, 13.6437938093644],
            [79.421921545784, 13.6439674465457],
            [79.4217779725437, 13.6439982499892],
            [79.4216045671512, 13.6440082157569],
            [79.4216325352992, 13.644318966621],
            [79.42167040378, 13.6443176755075],
            [79.4216826298511, 13.6445268288059],
            [79.4218392106967, 13.644519108321],
            [79.4218251772153, 13.644346589812],
            [79.4228575642589, 13.6442310862147],
            [79.4233320993078, 13.644190317915],
            [79.4233503045653, 13.6443495587614]
          ]
        ]
      },
      "properties": {
        "objectid": 5013,
        "id": "4909",
        "name": "Ward No 86",
        "code": "86",
        "town": "Tirupati",
        "district": "Tirupati",
        "state": "Andhra Pradesh",
        "st_area(shape)": 94080.8686351718,
        "st_perimeter(shape)": 1804.80525588227
      }
    },
    {
      "type": "Feature",
      "id": 5014,
      "geometry": {
        "type": "Polygon",
        "coordinates": [
          [
            [79.4437823374806, 13.6525784002245],
            [79.4418515282533, 13.652620393546],
            [79.4406466458105, 13.6546275357018],
            [79.440371423567, 13.6553569241704],
            [79.4400356881111, 13.6562466832334],
            [79.4396999517567, 13.6571364389394],
            [79.4392887748849, 13.657302918867],
            [79.4383846537891, 13.6576689845224],
            [79.4376344392543, 13.6579727349597],
            [79.4323845949024, 13.6578891054911],
            [79.4330411277294, 13.6550051185083],
            [79.433104524534, 13.6544895636551],
            [79.433131218871, 13.653775134504],
            [79.4331390045696, 13.6532249905726],
            [79.433122061445, 13.6529685399435],
            [79.4331191616832, 13.6519937166892],
            [79.4331169051152, 13.6514912335999],
            [79.4331166652651, 13.6514381607558],
            [79.4339288482831, 13.6514423019709],
            [79.4339373373625, 13.6509528262479],
            [79.4339963701515, 13.6507091311689],
            [79.4340010207297, 13.6504838060087],
            [79.4339700899378, 13.650213288432],
            [79.4340242197219, 13.6499127142438],
            [79.4341139856733, 13.6492739634698],
            [79.4341384926126, 13.6487220998104],
            [79.4341403485319, 13.6486970601834],
            [79.4341609388166, 13.6484191746179],
            [79.434185104396, 13.6479390864422],
            [79.4341837614146, 13.6471289347216],
            [79.4341663089453, 13.6461831018091],
            [79.4341918166078, 13.645933923121],
            [79.4341595967335, 13.645871302358],
            [79.4341408012828, 13.6451328965594],
            [79.4340924719205, 13.6449528614283],
            [79.434029374255, 13.6443475230101],
            [79.4340199769788, 13.6440592038865],
            [79.4340011824264, 13.6435034389655],
            [79.4334776101429, 13.6433286211909],
            [79.433566212776, 13.6426737026543],
            [79.4329677120145, 13.6423105888177],
            [79.4328161958705, 13.6422001579353],
            [79.433259624956, 13.6422178661637],
            [79.4335805391081, 13.6421462571703],
            [79.4340715097334, 13.6418988149281],
            [79.4340047469415, 13.6413205422489],
            [79.4338475238004, 13.6413276639777],
            [79.4338006820483, 13.640845561388],
            [79.433988912338, 13.6408268910364],
            [79.4341039173556, 13.6411048195869],
            [79.4342275713528, 13.6411186789481],
            [79.4343944343151, 13.6411232114374],
            [79.4346271366012, 13.640910780589],
            [79.4350625284599, 13.6406624841531],
            [79.4354393798064, 13.6407402105465],
            [79.4360183188542, 13.6408171390137],
            [79.4369355302003, 13.640901277368],
            [79.4382123012221, 13.6410632362608],
            [79.4383703642879, 13.6414985496124],
            [79.439416181145, 13.6414741552201],
            [79.4394115476348, 13.6427080688561],
            [79.4395045493179, 13.6432020618303],
            [79.4395413227523, 13.643828205084],
            [79.4395685021795, 13.6450835952224],
            [79.4395144855832, 13.6456842780098],
            [79.4401690825408, 13.6458634204198],
            [79.4407785822746, 13.6460771946572],
            [79.4409289117441, 13.6461299212703],
            [79.4409795596582, 13.6461537451405],
            [79.4414019151654, 13.6463524126074],
            [79.4415453976758, 13.6468717188688],
            [79.4418151788237, 13.6476968914726],
            [79.4420164086338, 13.6483437038343],
            [79.4420739026086, 13.6485435488105],
            [79.4420761142609, 13.6491237443516],
            [79.4420407332151, 13.6495255828757],
            [79.4420473672735, 13.6496738542001],
            [79.4424056001374, 13.6498651030506],
            [79.4430778418038, 13.6501616460525],
            [79.4435024143532, 13.6503593411801],
            [79.4437390252092, 13.6506494360234],
            [79.4440951110996, 13.6506571257549],
            [79.4437823374806, 13.6525784002245]
          ]
        ]
      },
      "properties": {
        "objectid": 5014,
        "id": "4910",
        "name": "Ward No 3",
        "code": "3",
        "town": "Tirupati",
        "district": "Tirupati",
        "state": "Andhra Pradesh",
        "st_area(shape)": 1597037.20797575,
        "st_perimeter(shape)": 6184.03453734084
      }
    },
    {
      "type": "Feature",
      "id": 5018,
      "geometry": {
        "type": "Polygon",
        "coordinates": [
          [
            [79.4319742687351, 13.6539789763813],
            [79.4319223344336, 13.6542773194246],
            [79.4318994229023, 13.6543930939487],
            [79.4318650246134, 13.6547577133194],
            [79.431450341617, 13.6547403971026],
            [79.4313094148135, 13.6547183601045],
            [79.4310769658523, 13.6546593320158],
            [79.4309749154394, 13.6546435914224],
            [79.4305861506356, 13.6546136841175],
            [79.430312395341, 13.6546113245994],
            [79.4303015742351, 13.6541890926836],
            [79.4303162383337, 13.6538252624342],
            [79.4306007123263, 13.6538737099665],
            [79.4306407933577, 13.6538167129713],
            [79.4311396377164, 13.6539405265172],
            [79.4311804158404, 13.6536780202837],
            [79.4312872533755, 13.6530314582384],
            [79.4313016345049, 13.6527480171977],
            [79.4311667291088, 13.6527413671972],
            [79.4312361374392, 13.6522036924717],
            [79.431464889833, 13.6521989428345],
            [79.4315137707609, 13.6519548038457],
            [79.4319243511514, 13.6519624036222],
            [79.4319282615178, 13.6519063567922],
            [79.432220190629, 13.6518905653848],
            [79.4322033876416, 13.6522141423715],
            [79.4322003333696, 13.652439756566],
            [79.4321590917149, 13.6526460752353],
            [79.4321621468852, 13.6528716890166],
            [79.432131596979, 13.6529859802467],
            [79.4321056302774, 13.6531329260326],
            [79.4320918833586, 13.653287293383],
            [79.4320323124789, 13.6535040009215],
            [79.4320017625727, 13.6537652372372],
            [79.4319742687351, 13.6539789763813]
          ]
        ]
      },
      "properties": {
        "objectid": 5018,
        "id": "4914",
        "name": "Ward No 99",
        "code": "99",
        "town": "Tirupati",
        "district": "Tirupati",
        "state": "Andhra Pradesh",
        "st_area(shape)": 38024.2018345105,
        "st_perimeter(shape)": 1047.2585840308
      }
    },
    {
      "type": "Feature",
      "id": 5019,
      "geometry": {
        "type": "Polygon",
        "coordinates": [
          [
            [79.430312395341, 13.6546113245994],
            [79.4302848574859, 13.6546648410487],
            [79.4302856677663, 13.6549284975713],
            [79.4302338322795, 13.6553298845081],
            [79.4301674180339, 13.6556502086344],
            [79.4293953870141, 13.6555308967734],
            [79.4294441547542, 13.6550402563248],
            [79.4295170476496, 13.6546892393149],
            [79.4295534940973, 13.6544436843985],
            [79.4295867012202, 13.6543366478957],
            [79.4296020902593, 13.6540548888094],
            [79.4296263878911, 13.6539596576102],
            [79.4296352973821, 13.6536424824626],
            [79.4296546246354, 13.6534097480545],
            [79.4296739096679, 13.6531418325491],
            [79.4296952940633, 13.652886532354],
            [79.4297166784586, 13.6528553616935],
            [79.4297182055946, 13.6527262279264],
            [79.4297747222024, 13.6526015460476],
            [79.4297915242915, 13.65229132636],
            [79.4298281827416, 13.652185940473],
            [79.4299015014384, 13.6517495556647],
            [79.4300191160619, 13.6517866615643],
            [79.430598024567, 13.6518549400008],
            [79.4310364060189, 13.6519083750195],
            [79.4315137707609, 13.6519548038457],
            [79.431464889833, 13.6521989428345],
            [79.4312361374392, 13.6522036924717],
            [79.4311667291088, 13.6527413671972],
            [79.4313016345049, 13.6527480171977],
            [79.4312872533755, 13.6530314582384],
            [79.4311804158404, 13.6536780202837],
            [79.4311396377164, 13.6539405265172],
            [79.4306407933577, 13.6538167129713],
            [79.4306007123263, 13.6538737099665],
            [79.4303162383337, 13.6538252624342],
            [79.4303015742351, 13.6541890926836],
            [79.430312395341, 13.6546113245994]
          ]
        ]
      },
      "properties": {
        "objectid": 5019,
        "id": "4915",
        "name": "Ward No 98",
        "code": "98",
        "town": "Tirupati",
        "district": "Tirupati",
        "state": "Andhra Pradesh",
        "st_area(shape)": 56346.3531590811,
        "st_perimeter(shape)": 1284.77215014101
      }
    },
    {
      "type": "Feature",
      "id": 5020,
      "geometry": {
        "type": "Polygon",
        "coordinates": [
          [
            [79.432220190629, 13.6518905653848],
            [79.4319282615178, 13.6519063567922],
            [79.4319243511514, 13.6519624036222],
            [79.4315137707609, 13.6519548038457],
            [79.4310364060189, 13.6519083750195],
            [79.430598024567, 13.6518549400008],
            [79.4300191160619, 13.6517866615643],
            [79.4299015014384, 13.6517495556647],
            [79.4298969191322, 13.6516219035388],
            [79.4289865511519, 13.6515758901651],
            [79.4290644512567, 13.6508559980627],
            [79.4289315625784, 13.6508515451979],
            [79.4290079355472, 13.6499787663455],
            [79.4291194398302, 13.6499950938677],
            [79.4291209678645, 13.649787288876],
            [79.4287085531142, 13.6497590866873],
            [79.4287376378681, 13.6493370128189],
            [79.4287419659511, 13.6493374335785],
            [79.4290186272957, 13.6493642565643],
            [79.4290269492885, 13.6490484553661],
            [79.4295521600992, 13.6490697666026],
            [79.4296392670373, 13.6483234601488],
            [79.4299630953242, 13.6483860479619],
            [79.430662177753, 13.6485211585624],
            [79.4311906799909, 13.6486547484106],
            [79.4324129825637, 13.648750336168],
            [79.4323759908386, 13.6492455106844],
            [79.4323662153717, 13.6495722993695],
            [79.4323368880726, 13.6498791382318],
            [79.4323036504071, 13.65030947265],
            [79.4322782334744, 13.6508395518803],
            [79.4322479288083, 13.6515149739999],
            [79.4322479288083, 13.6517486635238],
            [79.432220190629, 13.6518905653848]
          ]
        ]
      },
      "properties": {
        "objectid": 5020,
        "id": "4916",
        "name": "Ward No 97",
        "code": "97",
        "town": "Tirupati",
        "district": "Tirupati",
        "state": "Andhra Pradesh",
        "st_area(shape)": 134437.144177345,
        "st_perimeter(shape)": 1597.17791820431
      }
    },
    {
      "type": "Feature",
      "id": 5021,
      "geometry": {
        "type": "Polygon",
        "coordinates": [
          [
            [79.4271646060589, 13.6536046627986],
            [79.4270912011238, 13.6539763933872],
            [79.4270768110113, 13.6545409449551],
            [79.4270350222826, 13.6547851065819],
            [79.4266604652333, 13.6569178370168],
            [79.4244721754894, 13.6562635524048],
            [79.4208723162271, 13.6552529913245],
            [79.4207000723562, 13.6544283165302],
            [79.4206093029867, 13.6539937297375],
            [79.4211490512335, 13.653275228609],
            [79.4219523499134, 13.6523728069043],
            [79.4225265171104, 13.6517578441945],
            [79.4226957938459, 13.651561616773],
            [79.4230837537593, 13.6510860166591],
            [79.4235600495061, 13.6504851346248],
            [79.4237350098824, 13.6502969581587],
            [79.4257493812957, 13.6506350988506],
            [79.4258451839258, 13.6501204824615],
            [79.4263268578862, 13.6502084069404],
            [79.4265131406284, 13.6494300155101],
            [79.4266715333759, 13.6488921219846],
            [79.4268197086854, 13.6484584965845],
            [79.4270087582386, 13.6479371519842],
            [79.4271024318615, 13.6476557903041],
            [79.4274226255647, 13.6476955122096],
            [79.4273851559359, 13.6480298357274],
            [79.4272369815247, 13.6486918600347],
            [79.4277989702614, 13.6488018418036],
            [79.4277337085544, 13.6493865550731],
            [79.4276644735988, 13.649938116886],
            [79.427650692544, 13.6501363228721],
            [79.4275526782616, 13.6506812328736],
            [79.4274698365245, 13.6512150841079],
            [79.4274136226489, 13.6515340267253],
            [79.4274022553673, 13.6515985236726],
            [79.4272867131572, 13.6525444099486],
            [79.4272719664135, 13.6527161988028],
            [79.4273556058546, 13.6528394193324],
            [79.4272512827041, 13.6531767541564],
            [79.4271646060589, 13.6536046627986]
          ]
        ]
      },
      "properties": {
        "objectid": 5021,
        "id": "4917",
        "name": "Ward No 90",
        "code": "90",
        "town": "Tirupati",
        "district": "Tirupati",
        "state": "Andhra Pradesh",
        "st_area(shape)": 436217.705953194,
        "st_perimeter(shape)": 3174.70416043693
      }
    },
    {
      "type": "Feature",
      "id": 5022,
      "geometry": {
        "type": "Polygon",
        "coordinates": [
          [
            [79.4296352973821, 13.6536424824626],
            [79.4291193742532, 13.6536503510469],
            [79.4283450839704, 13.6536637313061],
            [79.4277416891873, 13.6536778980736],
            [79.4274804393398, 13.653634390408],
            [79.4271646060589, 13.6536046627986],
            [79.4272512827041, 13.6531767541564],
            [79.4273556058546, 13.6528394193324],
            [79.4272719664135, 13.6527161988028],
            [79.4272867131572, 13.6525444099486],
            [79.4274022553673, 13.6515985236726],
            [79.4274136226489, 13.6515340267253],
            [79.4274698365245, 13.6512150841079],
            [79.4275526782616, 13.6506812328736],
            [79.427650692544, 13.6501363228721],
            [79.4276644735988, 13.649938116886],
            [79.4277337085544, 13.6493865550731],
            [79.4277989702614, 13.6488018418036],
            [79.427840502072, 13.6488114110505],
            [79.4281480906151, 13.6488774442557],
            [79.4284035562106, 13.6489189048655],
            [79.4286173166206, 13.6489609896248],
            [79.4286077917837, 13.6490574039382],
            [79.4285740259088, 13.649283046467],
            [79.4286585906147, 13.6493049949324],
            [79.4287419659511, 13.6493374335785],
            [79.4287376378681, 13.6493370128189],
            [79.4287085531142, 13.6497590866873],
            [79.4291209678645, 13.649787288876],
            [79.4291194398302, 13.6499950938677],
            [79.4290079355472, 13.6499787663455],
            [79.4289315625784, 13.6508515451979],
            [79.4290644512567, 13.6508559980627],
            [79.4289865511519, 13.6515758901651],
            [79.4298969191322, 13.6516219035388],
            [79.4299015014384, 13.6517495556647],
            [79.4298281827416, 13.652185940473],
            [79.4297915242915, 13.65229132636],
            [79.4297747222024, 13.6526015460476],
            [79.4297182055946, 13.6527262279264],
            [79.4297166784586, 13.6528553616935],
            [79.4296952940633, 13.652886532354],
            [79.4296739096679, 13.6531418325491],
            [79.4296546246354, 13.6534097480545],
            [79.4296352973821, 13.6536424824626]
          ]
        ]
      },
      "properties": {
        "objectid": 5022,
        "id": "4918",
        "name": "Ward No 91",
        "code": "91",
        "town": "Tirupati",
        "district": "Tirupati",
        "state": "Andhra Pradesh",
        "st_area(shape)": 108877.545898734,
        "st_perimeter(shape)": 1651.23799560524
      }
    },
    {
      "type": "Feature",
      "id": 5023,
      "geometry": {
        "type": "Polygon",
        "coordinates": [
          [
            [79.4331169051152, 13.6514912335999],
            [79.4329840433864, 13.6514978740334],
            [79.4327670220919, 13.6517068655849],
            [79.4325998563973, 13.6518655086354],
            [79.432220190629, 13.6518905653848],
            [79.4322479288083, 13.6517486635238],
            [79.4322479288083, 13.6515149739999],
            [79.4322782334744, 13.6508395518803],
            [79.4323036504071, 13.65030947265],
            [79.4323368880726, 13.6498791382318],
            [79.4323662153717, 13.6495722993695],
            [79.4323759908386, 13.6492455106844],
            [79.4324129825637, 13.648750336168],
            [79.4324278002743, 13.6482178874241],
            [79.4324125262195, 13.6476561421035],
            [79.4324064500149, 13.6471943416173],
            [79.4327516213746, 13.6471837099208],
            [79.432788083992, 13.6472167800036],
            [79.4329971318401, 13.6471837099208],
            [79.4330530402884, 13.6471459154101],
            [79.4333094886408, 13.647171898864],
            [79.4339135400924, 13.6471329232455],
            [79.4339317714011, 13.6477187388232],
            [79.4339463555497, 13.6485029741772],
            [79.4339475709703, 13.6487250163279],
            [79.4340338640348, 13.648761629488],
            [79.4341403485319, 13.6486970601834],
            [79.4341384926126, 13.6487220998104],
            [79.4341139856733, 13.6492739634698],
            [79.4340242197219, 13.6499127142438],
            [79.4339700899378, 13.650213288432],
            [79.4340010207297, 13.6504838060087],
            [79.4339963701515, 13.6507091311689],
            [79.4339373373625, 13.6509528262479],
            [79.4339288482831, 13.6514423019709],
            [79.4331166652651, 13.6514381607558],
            [79.4331169051152, 13.6514912335999]
          ]
        ]
      },
      "properties": {
        "objectid": 5023,
        "id": "4919",
        "name": "Ward No 96",
        "code": "96",
        "town": "Tirupati",
        "district": "Tirupati",
        "state": "Andhra Pradesh",
        "st_area(shape)": 92141.3898729323,
        "st_perimeter(shape)": 1447.44172151049
      }
    },
    {
      "type": "Feature",
      "id": 5025,
      "geometry": {
        "type": "Polygon",
        "coordinates": [
          [
            [79.427684635387, 13.6419018537461],
            [79.4276578979309, 13.6423648483363],
            [79.4276419519363, 13.6428448020651],
            [79.4276162834754, 13.6434850534113],
            [79.4275898361751, 13.6442560739377],
            [79.4275501656738, 13.6449318492458],
            [79.4274747134782, 13.645216822992],
            [79.4273502572854, 13.6456801881982],
            [79.4272662486367, 13.6459885938427],
            [79.4271254574788, 13.6462682753232],
            [79.4269201044015, 13.6466537813552],
            [79.4266533002706, 13.6470725462914],
            [79.4264580595284, 13.6473771711052],
            [79.4263118227833, 13.6475041603382],
            [79.4261377858751, 13.6476498359023],
            [79.4255765023159, 13.6475980786052],
            [79.4252774235134, 13.6475534882311],
            [79.4249767052855, 13.6475391552349],
            [79.4249586787927, 13.647405384054],
            [79.4249365550839, 13.6471450084116],
            [79.4248880406687, 13.6466970825448],
            [79.4248340537167, 13.6462447011301],
            [79.424775642562, 13.6457725384848],
            [79.4247305058122, 13.6455110855548],
            [79.4250163686003, 13.6454345418467],
            [79.4253332079942, 13.6453863789123],
            [79.4254916267929, 13.6453450975116],
            [79.4254925116335, 13.6452436124008],
            [79.4254686164469, 13.6451816889502],
            [79.425414629495, 13.644971837863],
            [79.4253509083986, 13.6445271937044],
            [79.42528630336, 13.6442020959483],
            [79.4252694994743, 13.6440217440939],
            [79.4252648327264, 13.6436838558153],
            [79.4252679435922, 13.6433505021186],
            [79.4250835931263, 13.643364864177],
            [79.4250913716383, 13.6430058098347],
            [79.4251263744934, 13.6428727702514],
            [79.4251442653405, 13.6427676987918],
            [79.4251450432816, 13.6426989114035],
            [79.425078147539, 13.642696644301],
            [79.4251170400992, 13.6426066908598],
            [79.4251255965523, 13.6425454624747],
            [79.4250982760896, 13.6424321709771],
            [79.4250095512856, 13.6421983124733],
            [79.4248624880904, 13.6418156337077],
            [79.4245197466735, 13.6413361030253],
            [79.4242450670125, 13.6409534228621],
            [79.4245598546544, 13.6409262567137],
            [79.425013196649, 13.6408601147807],
            [79.4249743040888, 13.6407679878002],
            [79.4247725487642, 13.6402648330588],
            [79.4245452696074, 13.6397085266867],
            [79.4244212994032, 13.6394215148623],
            [79.4244383161897, 13.6393955305551],
            [79.4245878084294, 13.6395892338276],
            [79.4247579637172, 13.6397581338166],
            [79.4250107667062, 13.6400167987105],
            [79.4253364922349, 13.6403522356763],
            [79.4257314958384, 13.6407101129164],
            [79.4260000983966, 13.6409463360411],
            [79.4263343318694, 13.6412475196366],
            [79.4264874721674, 13.6413408275649],
            [79.4269724150971, 13.6415829548539],
            [79.4274221117284, 13.6417861053932],
            [79.427684635387, 13.6419018537461]
          ]
        ]
      },
      "properties": {
        "objectid": 5025,
        "id": "4920",
        "name": "Ward No 87",
        "code": "87",
        "town": "Tirupati",
        "district": "Tirupati",
        "state": "Andhra Pradesh",
        "st_area(shape)": 199410.536390683,
        "st_perimeter(shape)": 2452.04227559934
      }
    },
    {
      "type": "Feature",
      "id": 5026,
      "geometry": {
        "type": "Polygon",
        "coordinates": [
          [
            [79.42528630336, 13.6442020959483],
            [79.4253509083986, 13.6445271937044],
            [79.425414629495, 13.644971837863],
            [79.4254686164469, 13.6451816889502],
            [79.4254925116335, 13.6452436124008],
            [79.4254916267929, 13.6453450975116],
            [79.4253332079942, 13.6453863789123],
            [79.4250163686003, 13.6454345418467],
            [79.4247305058122, 13.6455110855548],
            [79.424775642562, 13.6457725384848],
            [79.4248340537167, 13.6462447011301],
            [79.4248880406687, 13.6466970825448],
            [79.4249365550839, 13.6471450084116],
            [79.4246931942869, 13.6471306736447],
            [79.4244277106794, 13.6471067861474],
            [79.4241089659587, 13.6470836939085],
            [79.4239385312948, 13.6470765278327],
            [79.423851675885, 13.6470574180053],
            [79.42361650952, 13.6470486587883],
            [79.4233624973987, 13.6470327334939],
            [79.4232305744093, 13.6470136236629],
            [79.4230158932261, 13.6470016790358],
            [79.4227315629639, 13.6469905314149],
            [79.4221080036977, 13.6469515147375],
            [79.4219605120061, 13.6469419593825],
            [79.4219678871746, 13.6468981650187],
            [79.4220023016331, 13.6467134321179],
            [79.422059659064, 13.6465095892008],
            [79.4220621168546, 13.6463989088716],
            [79.4220965313132, 13.646292209172],
            [79.4221342237242, 13.6460867727441],
            [79.4221424181562, 13.6458144500866],
            [79.4221735546623, 13.6457706555135],
            [79.4221715127916, 13.6456190182256],
            [79.4221721505955, 13.645594371101],
            [79.422609604986, 13.6456315382028],
            [79.4226187722935, 13.6454211707235],
            [79.4225805687411, 13.6454176588066],
            [79.4225750773397, 13.6452622370091],
            [79.4226977279188, 13.6452687396902],
            [79.4227052207665, 13.6451704041885],
            [79.4227577919736, 13.6451768955236],
            [79.4227652641601, 13.645065929984],
            [79.422878050339, 13.6450711581475],
            [79.4228818035003, 13.6443678892515],
            [79.4233503045653, 13.6443495587614],
            [79.4237976907296, 13.6443508839202],
            [79.42451544554, 13.6443139025581],
            [79.42528630336, 13.6442020959483]
          ]
        ]
      },
      "properties": {
        "objectid": 5026,
        "id": "4921",
        "name": "Ward No 85",
        "code": "85",
        "town": "Tirupati",
        "district": "Tirupati",
        "state": "Andhra Pradesh",
        "st_area(shape)": 92063.7894891373,
        "st_perimeter(shape)": 1399.52172556576
      }
    },
    {
      "type": "Feature",
      "id": 5027,
      "geometry": {
        "type": "Polygon",
        "coordinates": [
          [
            [79.4277989702614, 13.6488018418036],
            [79.4272369815247, 13.6486918600347],
            [79.4273851559359, 13.6480298357274],
            [79.4274226255647, 13.6476955122096],
            [79.4271024318615, 13.6476557903041],
            [79.4270087582386, 13.6479371519842],
            [79.4268197086854, 13.6484584965845],
            [79.4266715333759, 13.6488921219846],
            [79.4265131406284, 13.6494300155101],
            [79.4263268578862, 13.6502084069404],
            [79.4258451839258, 13.6501204824615],
            [79.4257493812957, 13.6506350988506],
            [79.4237350098824, 13.6502969581587],
            [79.4238059561286, 13.6502206534432],
            [79.4243753613562, 13.6495977308555],
            [79.4246128938837, 13.6493506394932],
            [79.4248783774912, 13.6490608031909],
            [79.4252159688665, 13.6487048765559],
            [79.4255961673358, 13.6482979901156],
            [79.4261287748745, 13.6477334428127],
            [79.4261377858751, 13.6476498359023],
            [79.4263118227833, 13.6475041603382],
            [79.4264580595284, 13.6473771711052],
            [79.4266533002706, 13.6470725462914],
            [79.4269201044015, 13.6466537813552],
            [79.4271254574788, 13.6462682753232],
            [79.4272662486367, 13.6459885938427],
            [79.4273502572854, 13.6456801881982],
            [79.4274747134782, 13.645216822992],
            [79.4275501656738, 13.6449318492458],
            [79.4275898361751, 13.6442560739377],
            [79.4276162834754, 13.6434850534113],
            [79.4276419519363, 13.6428448020651],
            [79.4276578979309, 13.6423648483363],
            [79.427684635387, 13.6419018537461],
            [79.4285896305436, 13.64213684828],
            [79.4285750445983, 13.6424982784237],
            [79.4285767136681, 13.6432717176748],
            [79.4285675364792, 13.6442372964813],
            [79.4289020798708, 13.6442308103581],
            [79.4288979080946, 13.6441351439493],
            [79.4289688211031, 13.6441408190911],
            [79.4289638156904, 13.6439405696956],
            [79.4290956308819, 13.6439478659384],
            [79.4290972990533, 13.6440151567009],
            [79.429262484861, 13.6440111026519],
            [79.4292620949922, 13.6442708069507],
            [79.4292013724723, 13.6446515769319],
            [79.4293400022836, 13.6447083587735],
            [79.4290913854438, 13.645084675075],
            [79.428944736372, 13.645331840741],
            [79.4288907323521, 13.6454433561201],
            [79.4290330596291, 13.6455109467543],
            [79.4287820469825, 13.645592366787],
            [79.4283342224403, 13.645400716404],
            [79.428293061634, 13.6455968826042],
            [79.428258021948, 13.6459252249693],
            [79.4282513474655, 13.6461554701035],
            [79.4282023246038, 13.6465554202419],
            [79.4280992114839, 13.6470185750569],
            [79.4280281781011, 13.6475719110053],
            [79.4279651648772, 13.6481296976996],
            [79.4279184731437, 13.6484343962222],
            [79.427920246418, 13.6485927891913],
            [79.4278792625798, 13.6485859994019],
            [79.427840502072, 13.6488114110505],
            [79.4277989702614, 13.6488018418036]
          ]
        ]
      },
      "properties": {
        "objectid": 5027,
        "id": "4922",
        "name": "Ward No 89",
        "code": "89",
        "town": "Tirupati",
        "district": "Tirupati",
        "state": "Andhra Pradesh",
        "st_area(shape)": 158577.135325105,
        "st_perimeter(shape)": 3131.8959638814
      }
    },
    {
      "type": "Feature",
      "id": 5028,
      "geometry": {
        "type": "Polygon",
        "coordinates": [
          [
            [79.4341403485319, 13.6486970601834],
            [79.4340338640348, 13.648761629488],
            [79.4339475709703, 13.6487250163279],
            [79.4339463555497, 13.6485029741772],
            [79.4339317714011, 13.6477187388232],
            [79.4339135400924, 13.6471329232455],
            [79.4333094886408, 13.647171898864],
            [79.4330530402884, 13.6471459154101],
            [79.4329971318401, 13.6471837099208],
            [79.432788083992, 13.6472167800036],
            [79.4327516213746, 13.6471837099208],
            [79.4324064500149, 13.6471943416173],
            [79.4323473103265, 13.6470686948202],
            [79.4323159905641, 13.6466919216349],
            [79.4323062707927, 13.6459677607087],
            [79.431589152888, 13.645917384062],
            [79.4316287641004, 13.645572925988],
            [79.4312108902881, 13.6455151456888],
            [79.4312899797624, 13.6450390270702],
            [79.4314468956796, 13.644009160305],
            [79.4307434815744, 13.6439534974364],
            [79.4307629552532, 13.6435108443426],
            [79.4311798346304, 13.6433345241966],
            [79.4315643126737, 13.6431896901288],
            [79.4315794349132, 13.6430259658065],
            [79.4318764323192, 13.6430700446035],
            [79.4318818320924, 13.6432001858223],
            [79.4322652303607, 13.6432043839249],
            [79.4326054295453, 13.6432495128688],
            [79.4329909882619, 13.6433114350804],
            [79.4330190686994, 13.6432064825397],
            [79.4334776101429, 13.6433286211909],
            [79.4340011824264, 13.6435034389655],
            [79.4340199769788, 13.6440592038865],
            [79.434029374255, 13.6443475230101],
            [79.4340924719205, 13.6449528614283],
            [79.4341408012828, 13.6451328965594],
            [79.4341595967335, 13.645871302358],
            [79.4341918166078, 13.645933923121],
            [79.4341663089453, 13.6461831018091],
            [79.4341837614146, 13.6471289347216],
            [79.434185104396, 13.6479390864422],
            [79.4341609388166, 13.6484191746179],
            [79.4341403485319, 13.6486970601834]
          ]
        ]
      },
      "properties": {
        "objectid": 5028,
        "id": "4923",
        "name": "Ward No 95",
        "code": "95",
        "town": "Tirupati",
        "district": "Tirupati",
        "state": "Andhra Pradesh",
        "st_area(shape)": 130657.861908165,
        "st_perimeter(shape)": 2003.08506843137
      }
    },
    {
      "type": "Feature",
      "id": 5029,
      "geometry": {
        "type": "Polygon",
        "coordinates": [
          [
            [79.4245256728595, 13.6215363164326],
            [79.4242951229367, 13.6215371370977],
            [79.4242756995637, 13.6210783377269],
            [79.4234471995468, 13.6208365561052],
            [79.4235386282798, 13.6202002070394],
            [79.4233138105069, 13.6201853581553],
            [79.4232774961115, 13.6204406125089],
            [79.4231543640355, 13.6210445061774],
            [79.4227362934922, 13.6208965722113],
            [79.4222676504933, 13.6208093658174],
            [79.4223111029019, 13.6205096700396],
            [79.4223399612804, 13.620148006328],
            [79.422329332414, 13.6198321040795],
            [79.4223111029019, 13.6189050618242],
            [79.4223308460752, 13.6181285866235],
            [79.4232516381061, 13.6181643297195],
            [79.4243259917449, 13.6182168338207],
            [79.4251903677792, 13.6182574511977],
            [79.4263625749019, 13.6183079743055],
            [79.4273268426975, 13.6183565164299],
            [79.4282493190696, 13.6184050585444],
            [79.4286468505322, 13.6184238808339],
            [79.4286550045401, 13.6185120467265],
            [79.4285986083065, 13.6191557191698],
            [79.4285299922902, 13.6200675282805],
            [79.4284745716271, 13.620633079365],
            [79.4268475825103, 13.6203855709386],
            [79.4268713339664, 13.61989953005],
            [79.4259142823375, 13.619831081733],
            [79.4258909180552, 13.6197520502291],
            [79.4253591450514, 13.6196456091404],
            [79.4253786196285, 13.6201106693366],
            [79.4252848813269, 13.6201155942298],
            [79.4252992382018, 13.620754960787],
            [79.4248544724231, 13.6207489402283],
            [79.4248668125802, 13.6214318343946],
            [79.4246729857863, 13.6214294649413],
            [79.4245256728595, 13.6215363164326]
          ]
        ]
      },
      "properties": {
        "objectid": 5029,
        "id": "4970",
        "name": "Ward No 28",
        "code": "28",
        "town": "Tirupati",
        "district": "Tirupati",
        "state": "Andhra Pradesh",
        "st_area(shape)": 181958.30055468,
        "st_perimeter(shape)": 2463.87591550083
      }
    },
    {
      "type": "Feature",
      "id": 5030,
      "geometry": {
        "type": "Polygon",
        "coordinates": [
          [
            [79.429483766865, 13.6440597145709],
            [79.4294880383542, 13.6442807508829],
            [79.4295572203091, 13.6444343985922],
            [79.4295756034331, 13.6445733909019],
            [79.429668234112, 13.6447929793618],
            [79.4296429124007, 13.6449037136949],
            [79.4295970273543, 13.6450966660662],
            [79.4294710530088, 13.6452255709285],
            [79.4293150434917, 13.6453739339967],
            [79.4291573667015, 13.6455085138166],
            [79.4290330596291, 13.6455109467543],
            [79.4288907323521, 13.6454433561201],
            [79.428944736372, 13.645331840741],
            [79.4290913854438, 13.645084675075],
            [79.4293400022836, 13.6447083587735],
            [79.4292013724723, 13.6446515769319],
            [79.4292620949922, 13.6442708069507],
            [79.429262484861, 13.6440111026519],
            [79.4290972990533, 13.6440151567009],
            [79.4290956308819, 13.6439478659384],
            [79.4289638156904, 13.6439405696956],
            [79.4289688211031, 13.6441408190911],
            [79.4288979080946, 13.6441351439493],
            [79.4289020798708, 13.6442308103581],
            [79.4285675364792, 13.6442372964813],
            [79.4285767136681, 13.6432717176748],
            [79.4285750445983, 13.6424982784237],
            [79.4285896305436, 13.64213684828],
            [79.427684635387, 13.6419018537461],
            [79.427708725508, 13.6417570877643],
            [79.4277562454882, 13.6415282900956],
            [79.4277594857114, 13.641111626178],
            [79.4277659652596, 13.6406288413518],
            [79.4277789252542, 13.6402048288559],
            [79.4277862519136, 13.6400594167016],
            [79.4277909024919, 13.6400602032561],
            [79.4282194994937, 13.6401269477688],
            [79.4282255137145, 13.6400924458795],
            [79.4284188751811, 13.6401131608068],
            [79.4283956106119, 13.6402845475373],
            [79.4283944958026, 13.6402927596477],
            [79.4286466457164, 13.6403303902628],
            [79.4285598127644, 13.6407331857005],
            [79.4286825486833, 13.6407657372658],
            [79.4286499146857, 13.6408776362927],
            [79.4287169622435, 13.6408972992145],
            [79.4287462185757, 13.6408004869821],
            [79.4289127293985, 13.6408476216128],
            [79.4289592315874, 13.6406736600082],
            [79.4293732776783, 13.6407026987217],
            [79.4294038500424, 13.6407173062478],
            [79.4294043198613, 13.6408286509574],
            [79.4294610089456, 13.6408261359116],
            [79.4294616036303, 13.6408753002075],
            [79.429531893208, 13.6408749291925],
            [79.4295320593964, 13.6408612330637],
            [79.4296196675944, 13.6408627537889],
            [79.4296184135463, 13.6408435788581],
            [79.4297186152264, 13.6408419717082],
            [79.4297182594935, 13.6408252306348],
            [79.4300337990253, 13.640832072153],
            [79.4300337990253, 13.6408898972472],
            [79.4300978030909, 13.6408928129886],
            [79.430089802695, 13.6409384906034],
            [79.4303194623873, 13.6409697056139],
            [79.4303984341822, 13.6413725567043],
            [79.4303872582418, 13.6414579964654],
            [79.4303222498596, 13.6416912952535],
            [79.4302836330822, 13.6418869844015],
            [79.430224399969, 13.6422064145227],
            [79.4301901948179, 13.6423604538003],
            [79.4300942538473, 13.6424658493132],
            [79.4300871122407, 13.642611035632],
            [79.4301559725988, 13.6427954600935],
            [79.4302026903835, 13.6428783581267],
            [79.4301643395074, 13.6430131139631],
            [79.4300583796264, 13.6433065787621],
            [79.4298334028517, 13.6432365161249],
            [79.4297656842523, 13.6433312252527],
            [79.4296226571877, 13.6435141118571],
            [79.4295959880035, 13.6436601582759],
            [79.4295452718175, 13.6438856156587],
            [79.429483766865, 13.6440597145709]
          ]
        ]
      },
      "properties": {
        "objectid": 5030,
        "id": "4924",
        "name": "Ward No 17",
        "code": "17",
        "town": "Tirupati",
        "district": "Tirupati",
        "state": "Andhra Pradesh",
        "st_area(shape)": 89822.8876957712,
        "st_perimeter(shape)": 1945.58936327519
      }
    },
    {
      "type": "Feature",
      "id": 5031,
      "geometry": {
        "type": "Polygon",
        "coordinates": [
          [
            [79.4324064500149, 13.6471943416173],
            [79.4324125262195, 13.6476561421035],
            [79.4324278002743, 13.6482178874241],
            [79.4324129825637, 13.648750336168],
            [79.4311906799909, 13.6486547484106],
            [79.430662177753, 13.6485211585624],
            [79.4299630953242, 13.6483860479619],
            [79.4300137135938, 13.6477195052743],
            [79.4300524327792, 13.6471551067353],
            [79.4300731757774, 13.6468084034828],
            [79.4301049815284, 13.646469763214],
            [79.430132637961, 13.6462050322308],
            [79.4301755064647, 13.6458032316999],
            [79.4302059297084, 13.6453342387622],
            [79.4302501807193, 13.6450856327132],
            [79.4302875173975, 13.6448397133789],
            [79.4303415591467, 13.6444489299395],
            [79.4303583747105, 13.6442528387331],
            [79.430384925317, 13.6441238312026],
            [79.4304318317479, 13.6439913841197],
            [79.4305017485247, 13.6438580762185],
            [79.4305265294502, 13.6437798122318],
            [79.4305805155038, 13.643419450816],
            [79.4306079518492, 13.6433833283076],
            [79.4306362721368, 13.6430969311555],
            [79.4306884885094, 13.6428105336558],
            [79.4310239131483, 13.6428466562517],
            [79.4310283382493, 13.6429051399441],
            [79.4311292307338, 13.6429206203029],
            [79.4315354569902, 13.6429937253297],
            [79.4315794349132, 13.6430259658065],
            [79.4315643126737, 13.6431896901288],
            [79.4311798346304, 13.6433345241966],
            [79.4307629552532, 13.6435108443426],
            [79.4307434815744, 13.6439534974364],
            [79.4314468956796, 13.644009160305],
            [79.4312899797624, 13.6450390270702],
            [79.4312108902881, 13.6455151456888],
            [79.4316287641004, 13.645572925988],
            [79.431589152888, 13.645917384062],
            [79.4323062707927, 13.6459677607087],
            [79.4323159905641, 13.6466919216349],
            [79.4323473103265, 13.6470686948202],
            [79.4324064500149, 13.6471943416173]
          ]
        ]
      },
      "properties": {
        "objectid": 5031,
        "id": "4925",
        "name": "Ward No 94",
        "code": "94",
        "town": "Tirupati",
        "district": "Tirupati",
        "state": "Andhra Pradesh",
        "st_area(shape)": 113954.335313226,
        "st_perimeter(shape)": 1937.24140668722
      }
    },
    {
      "type": "Feature",
      "id": 5041,
      "geometry": {
        "type": "Polygon",
        "coordinates": [
          [
            [79.4171431543612, 13.6178239424271],
            [79.416949588977, 13.6178308160415],
            [79.4158226668261, 13.6178488552405],
            [79.4156644564366, 13.6176950915856],
            [79.4153754333754, 13.6176753350615],
            [79.4148787045492, 13.617640114856],
            [79.4143996518728, 13.6176229347345],
            [79.4143386652482, 13.6177242981317],
            [79.4140266623837, 13.617765531102],
            [79.413793323192, 13.617816213212],
            [79.4137615048646, 13.6179175765264],
            [79.4133407869861, 13.6180344017062],
            [79.4129032760017, 13.6181615359261],
            [79.41282107656, 13.618196755181],
            [79.4125638736228, 13.6182397062512],
            [79.412564757565, 13.6182903873865],
            [79.4124701838302, 13.6183118629141],
            [79.4123402568974, 13.6181443558425],
            [79.4121502263839, 13.6181357658002],
            [79.4120273700907, 13.6181623950176],
            [79.411618142563, 13.6182740664033],
            [79.4115757169288, 13.6181331885256],
            [79.4110065111271, 13.6181512277015],
            [79.4105725359117, 13.6181048411216],
            [79.4101359088695, 13.618077352806],
            [79.4095967535107, 13.6178591634783],
            [79.4093192216986, 13.6177483509896],
            [79.4091014350395, 13.6176608238939],
            [79.4090371659708, 13.6174530655394],
            [79.4088359729915, 13.617085073548],
            [79.4085788922252, 13.6166098073704],
            [79.4083735068085, 13.616331436176],
            [79.4082226122987, 13.6161250342744],
            [79.4079347938783, 13.6157393876281],
            [79.4074765192344, 13.6154284254355],
            [79.4068980877348, 13.6150549989142],
            [79.4066270354708, 13.6148757536951],
            [79.4064342246715, 13.61477662589],
            [79.4060652767028, 13.6146510762251],
            [79.4060681629899, 13.6141452012527],
            [79.4062175132957, 13.6141498617283],
            [79.4062157031904, 13.6140927748244],
            [79.4069769741897, 13.6141370572066],
            [79.4072543452034, 13.61417410528],
            [79.4072635610199, 13.6141302830154],
            [79.4077515088142, 13.6141728637672],
            [79.4077550490748, 13.6142210260795],
            [79.4083557282507, 13.6142922663669],
            [79.4093912827541, 13.6142641961404],
            [79.41001602061, 13.614256840485],
            [79.4104546338272, 13.6142149197931],
            [79.4109132947467, 13.6141629622217],
            [79.4118281875411, 13.6140944720831],
            [79.4118748334605, 13.6146326866798],
            [79.4119128950791, 13.6150568332382],
            [79.4124902755499, 13.6150533488083],
            [79.4124818286912, 13.6152842439082],
            [79.4133484711751, 13.61550499458],
            [79.413347710302, 13.6155521665598],
            [79.4134506248942, 13.6155596182126],
            [79.4134944132728, 13.6157624541195],
            [79.4138472894827, 13.6160299073918],
            [79.4144648093753, 13.6159653981131],
            [79.4149655572641, 13.6159167306491],
            [79.4153559210691, 13.6157716903193],
            [79.415756097172, 13.6155962094476],
            [79.4162227935217, 13.6153930215506],
            [79.416617691124, 13.6154217551767],
            [79.4167624106146, 13.615437162252],
            [79.4168638393933, 13.6154221751237],
            [79.4169282279379, 13.615597401188],
            [79.4169693528116, 13.615690663368],
            [79.4169682981894, 13.6158515647917],
            [79.4169493176858, 13.6162635543201],
            [79.4169240094493, 13.6166365991499],
            [79.41690713819, 13.6169348304675],
            [79.4168934290004, 13.6172002656364],
            [79.4170062591967, 13.6174943954669],
            [79.4171431543612, 13.6178239424271]
          ]
        ]
      },
      "properties": {
        "objectid": 5041,
        "id": "4934",
        "name": "Ward No 39",
        "code": "39",
        "town": "Tirupati",
        "district": "Tirupati",
        "state": "Andhra Pradesh",
        "st_area(shape)": 342497.218820834,
        "st_perimeter(shape)": 3205.54486197771
      }
    },
    {
      "type": "Feature",
      "id": 5032,
      "geometry": {
        "type": "Polygon",
        "coordinates": [
          [
            [79.4237619575443, 13.6424362494964],
            [79.4233654708223, 13.6424415266044],
            [79.423324885836, 13.6422083577574],
            [79.4232783306464, 13.6418522234964],
            [79.4232556499821, 13.6412292779476],
            [79.4232660318119, 13.6409291017435],
            [79.4226110395955, 13.6408824228227],
            [79.4224654586206, 13.6408699706859],
            [79.422464211759, 13.6407791776179],
            [79.4225663996141, 13.6404218967266],
            [79.422623443533, 13.6401777184919],
            [79.4228124095429, 13.6401559420276],
            [79.4228027248058, 13.6399999039341],
            [79.4229200726297, 13.6399855434169],
            [79.4229079031525, 13.6395792294621],
            [79.422803594375, 13.6395792294621],
            [79.4228645190159, 13.6392350030827],
            [79.4228834555021, 13.6391901885182],
            [79.4234144532598, 13.6391893539467],
            [79.4242295522092, 13.6391671915329],
            [79.4242340294126, 13.6390332043455],
            [79.4243155003207, 13.6391480505108],
            [79.4243281647695, 13.6391735730372],
            [79.4244383161897, 13.6393955305551],
            [79.4244212994032, 13.6394215148623],
            [79.4245452696074, 13.6397085266867],
            [79.4247725487642, 13.6402648330588],
            [79.4249743040888, 13.6407679878002],
            [79.425013196649, 13.6408601147807],
            [79.4245598546544, 13.6409262567137],
            [79.4242450670125, 13.6409534228621],
            [79.4245197466735, 13.6413361030253],
            [79.4248624880904, 13.6418156337077],
            [79.4250095512856, 13.6421983124733],
            [79.4250982760896, 13.6424321709771],
            [79.4248739937126, 13.6424275782779],
            [79.424628175125, 13.6424270571144],
            [79.4243195229765, 13.6424275407402],
            [79.4239745294832, 13.6424227036091],
            [79.4237619575443, 13.6424362494964]
          ]
        ]
      },
      "properties": {
        "objectid": 5032,
        "id": "4926",
        "name": "Ward No 67",
        "code": "67",
        "town": "Tirupati",
        "district": "Tirupati",
        "state": "Andhra Pradesh",
        "st_area(shape)": 70972.8560658003,
        "st_perimeter(shape)": 1369.49884565262
      }
    },
    {
      "type": "Feature",
      "id": 5033,
      "geometry": {
        "type": "Polygon",
        "coordinates": [
          [
            [79.4233503045653, 13.6443495587614],
            [79.4233320993078, 13.644190317915],
            [79.4228575642589, 13.6442310862147],
            [79.4218251772153, 13.644346589812],
            [79.4218392106967, 13.644519108321],
            [79.4216826298511, 13.6445268288059],
            [79.42167040378, 13.6443176755075],
            [79.4216325352992, 13.644318966621],
            [79.4216045671512, 13.6440082157569],
            [79.4217779725437, 13.6439982499892],
            [79.421921545784, 13.6439674465457],
            [79.4218630133567, 13.6437938093644],
            [79.4218370565366, 13.6432508144637],
            [79.4219084348725, 13.6430710336767],
            [79.4221049009167, 13.642897423771],
            [79.4233917348662, 13.6428394219557],
            [79.4233654708223, 13.6424415266044],
            [79.4237619575443, 13.6424362494964],
            [79.4239745294832, 13.6424227036091],
            [79.4243195229765, 13.6424275407402],
            [79.424628175125, 13.6424270571144],
            [79.4248739937126, 13.6424275782779],
            [79.4250982760896, 13.6424321709771],
            [79.4251255965523, 13.6425454624747],
            [79.4251170400992, 13.6426066908598],
            [79.425078147539, 13.642696644301],
            [79.4251450432816, 13.6426989114035],
            [79.4251442653405, 13.6427676987918],
            [79.4251263744934, 13.6428727702514],
            [79.4250913716383, 13.6430058098347],
            [79.4250835931263, 13.643364864177],
            [79.4252679435922, 13.6433505021186],
            [79.4252648327264, 13.6436838558153],
            [79.4252694994743, 13.6440217440939],
            [79.42528630336, 13.6442020959483],
            [79.42451544554, 13.6443139025581],
            [79.4237976907296, 13.6443508839202],
            [79.4233503045653, 13.6443495587614]
          ]
        ]
      },
      "properties": {
        "objectid": 5033,
        "id": "4927",
        "name": "Ward No 88",
        "code": "88",
        "town": "Tirupati",
        "district": "Tirupati",
        "state": "Andhra Pradesh",
        "st_area(shape)": 71301.825500491,
        "st_perimeter(shape)": 1291.66011054482
      }
    },
    {
      "type": "Feature",
      "id": 5034,
      "geometry": {
        "type": "Polygon",
        "coordinates": [
          [
            [79.4240533898871, 13.6281955365388],
            [79.4238706608801, 13.6282016250037],
            [79.4238128417152, 13.6269468679957],
            [79.4237806416038, 13.6262232008989],
            [79.4236397660044, 13.6262290685378],
            [79.4233942402675, 13.626191907113],
            [79.4225228250346, 13.6260902024986],
            [79.4215829851265, 13.6259845857861],
            [79.4207196196968, 13.6259239537382],
            [79.4205163569991, 13.6259963210757],
            [79.4201842929577, 13.6259865413768],
            [79.419799904746, 13.6259259093293],
            [79.4197898418182, 13.6261410548113],
            [79.4192561536062, 13.6261502181441],
            [79.4192355794912, 13.6250018086514],
            [79.4195000408159, 13.6249890492421],
            [79.4196711043005, 13.6248638734202],
            [79.4199005295325, 13.6246839337148],
            [79.4199578447426, 13.6246442498447],
            [79.4204074039316, 13.624586686177],
            [79.4208629351206, 13.6246146242227],
            [79.4213206779618, 13.6245329586194],
            [79.4217474630618, 13.624505020564],
            [79.4222288226118, 13.6244831859077],
            [79.422664717527, 13.6245161954374],
            [79.4230907058213, 13.6246166007776],
            [79.4239073022623, 13.6245863422005],
            [79.4239540047756, 13.6253235655426],
            [79.4239186237298, 13.6259988930265],
            [79.4242498846774, 13.6259944056446],
            [79.4242774342105, 13.6256012189943],
            [79.4253554421958, 13.6256629074946],
            [79.4253618831164, 13.6258992093978],
            [79.4270719502273, 13.6259085988551],
            [79.4270381358433, 13.6257020298338],
            [79.4272281430007, 13.6256926403682],
            [79.4272394150608, 13.6250040776698],
            [79.4275759536107, 13.6250228566552],
            [79.4280153923797, 13.6252267172446],
            [79.4277860668607, 13.6256355763306],
            [79.4279555888363, 13.6257110299265],
            [79.4275550201696, 13.6263180347077],
            [79.4271914701775, 13.6270052945131],
            [79.428242148717, 13.627070918255],
            [79.4290717365936, 13.6270852847955],
            [79.4298646983595, 13.6271078595388],
            [79.4300688243382, 13.6271221492506],
            [79.4299462869469, 13.6272680896928],
            [79.4297925142349, 13.6275132712836],
            [79.429527015356, 13.6279347494734],
            [79.429380294419, 13.6281548615035],
            [79.4291865278122, 13.628158144945],
            [79.4282237359486, 13.628158144945],
            [79.4267922292208, 13.6281759921639],
            [79.4259955870572, 13.6281793917171],
            [79.4250345451117, 13.6281844910469],
            [79.4240533898871, 13.6281955365388]
          ]
        ]
      },
      "properties": {
        "objectid": 5034,
        "id": "4928",
        "name": "Ward No 35",
        "code": "35",
        "town": "Tirupati",
        "district": "Tirupati",
        "state": "Andhra Pradesh",
        "st_area(shape)": 234682.088215121,
        "st_perimeter(shape)": 3544.24129129969
      }
    },
    {
      "type": "Feature",
      "id": 5035,
      "geometry": {
        "type": "Polygon",
        "coordinates": [
          [
            [79.3914831016638, 13.6237939910977],
            [79.3906813705441, 13.6238055763332],
            [79.3891829644805, 13.623856265879],
            [79.3877866384743, 13.6239076800365],
            [79.3872270653074, 13.6239250587543],
            [79.3866674912421, 13.6239424383439],
            [79.3858866216983, 13.6239706802833],
            [79.3851057512561, 13.6239989213463],
            [79.3845752125375, 13.624011229448],
            [79.3833577357144, 13.6240394731253],
            [79.3730217631745, 13.6210458000371],
            [79.3745640133121, 13.6169238638984],
            [79.3754300000258, 13.6134499992237],
            [79.382141283869, 13.6143839409392],
            [79.3918130762239, 13.6147485653248],
            [79.3918806528894, 13.6146654435203],
            [79.392079157211, 13.6146120803994],
            [79.3922132532251, 13.6146223425054],
            [79.3926408827414, 13.6147157273001],
            [79.3935177480531, 13.6149206427161],
            [79.3939508276482, 13.6150114553227],
            [79.3942859360801, 13.6150246151374],
            [79.3950577802503, 13.6149548331012],
            [79.396041855898, 13.6148142431067],
            [79.3971156804291, 13.6145833466749],
            [79.3977280880094, 13.6144627673183],
            [79.3983404955897, 13.6143421879001],
            [79.3989497357104, 13.6142282787132],
            [79.3999412017979, 13.6142026242778],
            [79.4009939096315, 13.6141123177443],
            [79.4015250142888, 13.6140876882869],
            [79.4020962430965, 13.6141533662522],
            [79.4026041182188, 13.614289848823],
            [79.4025045687156, 13.6151800419832],
            [79.402439547757, 13.6158696835909],
            [79.402356150861, 13.6165263518355],
            [79.4021907692206, 13.6169810740942],
            [79.4020988913299, 13.6171981309949],
            [79.4020268006301, 13.6173396301778],
            [79.4019858105037, 13.6174193085546],
            [79.4018981726612, 13.6177861074236],
            [79.401734204969, 13.6184606296496],
            [79.4017089146988, 13.6185924589508],
            [79.4017624758493, 13.6194511159914],
            [79.4018119487669, 13.6202011909701],
            [79.4018388048007, 13.6206201870161],
            [79.4018699026792, 13.6207314617492],
            [79.4018981726612, 13.6212301348215],
            [79.4018614216846, 13.62170820118],
            [79.4018480511599, 13.6218303622959],
            [79.4018020538241, 13.6222838023291],
            [79.4017921597795, 13.6223415001334],
            [79.4014981492719, 13.6227962103373],
            [79.4013044958528, 13.6230943116608],
            [79.4005609908349, 13.6228731402822],
            [79.399907948861, 13.6226327346669],
            [79.3992944848619, 13.6225736636352],
            [79.398942520442, 13.622537945651],
            [79.3984562722602, 13.62252970324],
            [79.3979700249766, 13.6225558046438],
            [79.3978033183212, 13.6225545169036],
            [79.3966305461582, 13.6227992153524],
            [79.3949409579409, 13.62314265113],
            [79.3931431478847, 13.6235118446021],
            [79.3914831016638, 13.6237939910977]
          ]
        ]
      },
      "properties": {
        "objectid": 5035,
        "id": "4929",
        "name": "Ward No 45",
        "code": "45",
        "town": "Tirupati",
        "district": "Tirupati",
        "state": "Andhra Pradesh",
        "st_area(shape)": 3118074.53443945,
        "st_perimeter(shape)": 8228.85709735424
      }
    },
    {
      "type": "Feature",
      "id": 5036,
      "geometry": {
        "type": "Polygon",
        "coordinates": [
          [
            [79.4082429223089, 13.6251588903243],
            [79.408606389656, 13.625301121584],
            [79.4089360839417, 13.6254277245843],
            [79.4091596323951, 13.625755954431],
            [79.4090824356712, 13.6258606746418],
            [79.4090727859684, 13.625993529994],
            [79.4090164948378, 13.6263076910444],
            [79.4087318339956, 13.6261670222427],
            [79.4083378104541, 13.6260029080982],
            [79.4066989914234, 13.6253261296434],
            [79.4053174948058, 13.6247523203875],
            [79.4043364545655, 13.6243492523781],
            [79.4029597827993, 13.6237803166776],
            [79.4020671969701, 13.62340519393],
            [79.4013044958528, 13.6230943116608],
            [79.4014981492719, 13.6227962103373],
            [79.4017921597795, 13.6223415001334],
            [79.4018020538241, 13.6222838023291],
            [79.4018480511599, 13.6218303622959],
            [79.4029664959094, 13.622032064849],
            [79.4035196308507, 13.622146381482],
            [79.4036857392282, 13.6221512984754],
            [79.403687425366, 13.6221840778467],
            [79.4039412263832, 13.622213988386],
            [79.4039374318995, 13.6222602886014],
            [79.4042652433163, 13.6222961594105],
            [79.4042655622182, 13.6223445304725],
            [79.4045179924063, 13.6223499739079],
            [79.4045186023624, 13.6219612826233],
            [79.4045070895537, 13.6216514303976],
            [79.4046055565869, 13.6216539796964],
            [79.4045918464991, 13.6208070138189],
            [79.4045640562175, 13.6201798003002],
            [79.4045383239761, 13.620002739853],
            [79.4045064158172, 13.6197026370824],
            [79.4044626094724, 13.6194439473312],
            [79.4044639273009, 13.61906045469],
            [79.4051239887105, 13.6190578940135],
            [79.4051081783614, 13.6193517561248],
            [79.4050903926172, 13.6196635434343],
            [79.4053137066103, 13.6196718671394],
            [79.4053144063979, 13.6198907017277],
            [79.4054554194396, 13.6199167100061],
            [79.4057703813546, 13.6199847339943],
            [79.406373543474, 13.6201637946195],
            [79.4073390150122, 13.6204468914988],
            [79.4078755733415, 13.6206109431483],
            [79.4078763036718, 13.6206549623948],
            [79.4078907135473, 13.6210320905361],
            [79.4079040939534, 13.6214442299347],
            [79.4079115275124, 13.6215628806615],
            [79.4079318438109, 13.6218870981134],
            [79.4078114578847, 13.6218843777],
            [79.4077916527276, 13.6221827403408],
            [79.4076325997184, 13.6221784283687],
            [79.4076298508736, 13.6220970081228],
            [79.4075369677682, 13.6221034101682],
            [79.4073307810543, 13.6222058446178],
            [79.4071608251924, 13.622317241704],
            [79.4070863871947, 13.6223799830804],
            [79.406924335609, 13.6227449041955],
            [79.4068058073989, 13.6230049994259],
            [79.4060818021108, 13.6230233961776],
            [79.4060277028694, 13.6229857435989],
            [79.4057580295195, 13.6229917457667],
            [79.4057322972782, 13.6231247895624],
            [79.4054960116123, 13.6230722717092],
            [79.4054574136995, 13.6232567079326],
            [79.4052740711433, 13.6232504560816],
            [79.4050296153, 13.6232145059705],
            [79.4043042894884, 13.6230957172588],
            [79.4042898149343, 13.6234880332897],
            [79.4049427697716, 13.6237725020993],
            [79.4058836023181, 13.6241820106219],
            [79.4061200173413, 13.6242632869716],
            [79.4071589540017, 13.6247009282396],
            [79.4082429223089, 13.6251588903243]
          ]
        ]
      },
      "properties": {
        "objectid": 5036,
        "id": "4930",
        "name": "Ward No 43",
        "code": "43",
        "town": "Tirupati",
        "district": "Tirupati",
        "state": "Andhra Pradesh",
        "st_area(shape)": 232427.899050807,
        "st_perimeter(shape)": 3690.33554996801
      }
    },
    {
      "type": "Feature",
      "id": 5047,
      "geometry": {
        "type": "Polygon",
        "coordinates": [
          [
            [79.4098099183377, 13.6370554768037],
            [79.4098039544226, 13.6371781572717],
            [79.4097930201289, 13.6373385124174],
            [79.4097553636505, 13.6374199291578],
            [79.4097269930572, 13.637332846715],
            [79.4096644038381, 13.6370634812546],
            [79.4095787171364, 13.6367180857638],
            [79.4093164405145, 13.636219904568],
            [79.4090824769937, 13.6357702364256],
            [79.4088411490842, 13.6352981741788],
            [79.4097399090344, 13.6350627607843],
            [79.4102760568336, 13.6349498087849],
            [79.4104972642774, 13.6348295689372],
            [79.4108122046328, 13.6347038640526],
            [79.4108871906029, 13.6350664046779],
            [79.4109115609982, 13.635463558188],
            [79.4116074085937, 13.635338075382],
            [79.4118638785056, 13.6353178131213],
            [79.4119758328445, 13.6354383128735],
            [79.4121642014748, 13.6356334371372],
            [79.4118299599171, 13.6358054067877],
            [79.4114361286151, 13.6359281594908],
            [79.4108440040956, 13.6360431127984],
            [79.4105872386379, 13.6360431127984],
            [79.4106041368467, 13.6361571005187],
            [79.4101130934579, 13.636331946301],
            [79.4096356640372, 13.6364754890541],
            [79.4096806956841, 13.6366603844858],
            [79.4097436002119, 13.6368892104421],
            [79.4097977991662, 13.6368869589977],
            [79.4098099183377, 13.6370554768037]
          ]
        ]
      },
      "properties": {
        "objectid": 5047,
        "id": "4939",
        "name": "Ward No 60",
        "code": "60",
        "town": "Tirupati",
        "district": "Tirupati",
        "state": "Andhra Pradesh",
        "st_area(shape)": 38976.402730725,
        "st_perimeter(shape)": 1168.37380237733
      }
    },
    {
      "type": "Feature",
      "id": 5037,
      "geometry": {
        "type": "Polygon",
        "coordinates": [
          [
            [79.4045186023624, 13.6219612826233],
            [79.4045179924063, 13.6223499739079],
            [79.4042655622182, 13.6223445304725],
            [79.4042652433163, 13.6222961594105],
            [79.4039374318995, 13.6222602886014],
            [79.4039412263832, 13.622213988386],
            [79.403687425366, 13.6221840778467],
            [79.4036857392282, 13.6221512984754],
            [79.4035196308507, 13.622146381482],
            [79.4029664959094, 13.622032064849],
            [79.4018480511599, 13.6218303622959],
            [79.4018614216846, 13.62170820118],
            [79.4018981726612, 13.6212301348215],
            [79.4018699026792, 13.6207314617492],
            [79.4018388048007, 13.6206201870161],
            [79.4018119487669, 13.6202011909701],
            [79.4017624758493, 13.6194511159914],
            [79.4017089146988, 13.6185924589508],
            [79.4024361278708, 13.6186332727015],
            [79.4024725437757, 13.6184231928631],
            [79.4030229900593, 13.6183005620269],
            [79.4031005640757, 13.6182595875757],
            [79.4032506851361, 13.6182471316275],
            [79.4040792615098, 13.6182331268699],
            [79.404101648425, 13.61810026803],
            [79.4044618980067, 13.6180403743158],
            [79.4044597896607, 13.6179207291508],
            [79.4052835277083, 13.6178870054091],
            [79.4053246992944, 13.6190824225519],
            [79.4053137066103, 13.6196718671394],
            [79.4050903926172, 13.6196635434343],
            [79.4051081783614, 13.6193517561248],
            [79.4051239887105, 13.6190578940135],
            [79.4044639273009, 13.61906045469],
            [79.4044626094724, 13.6194439473312],
            [79.4045064158172, 13.6197026370824],
            [79.4045383239761, 13.620002739853],
            [79.4045640562175, 13.6201798003002],
            [79.4045918464991, 13.6208070138189],
            [79.4046055565869, 13.6216539796964],
            [79.4045070895537, 13.6216514303976],
            [79.4045186023624, 13.6219612826233]
          ]
        ]
      },
      "properties": {
        "objectid": 5037,
        "id": "4931",
        "name": "Ward No 44",
        "code": "44",
        "town": "Tirupati",
        "district": "Tirupati",
        "state": "Andhra Pradesh",
        "st_area(shape)": 143799.591631331,
        "st_perimeter(shape)": 1898.168700729
      }
    },
    {
      "type": "Feature",
      "id": 5038,
      "geometry": {
        "type": "Polygon",
        "coordinates": [
          [
            [79.4091852667201, 13.6179147495538],
            [79.4089519383082, 13.6178984573557],
            [79.4085174160187, 13.617860435529],
            [79.4080381845776, 13.6178346356862],
            [79.4079850914494, 13.6180342471745],
            [79.4079138361827, 13.6181130051114],
            [79.4077559545766, 13.6181713945242],
            [79.4075841014728, 13.6181238677312],
            [79.4075072568885, 13.6182365737114],
            [79.4066577731249, 13.617825130664],
            [79.4063266424331, 13.6175535507084],
            [79.4062288401531, 13.6175168873119],
            [79.4059675678477, 13.6174259071659],
            [79.4058054947025, 13.6174109708013],
            [79.4057007071229, 13.6173783810961],
            [79.4054198740021, 13.6173566549146],
            [79.4051376440011, 13.6172819695678],
            [79.4048805641331, 13.6172629594787],
            [79.4042532310443, 13.6172439485151],
            [79.4036915657011, 13.6172100011725],
            [79.4036971541205, 13.6174136860278],
            [79.4033674203089, 13.6174259071659],
            [79.4026772150317, 13.6173743073827],
            [79.4020268006301, 13.6173396301778],
            [79.4020988913299, 13.6171981309949],
            [79.4021907692206, 13.6169810740942],
            [79.402356150861, 13.6165263518355],
            [79.402439547757, 13.6158696835909],
            [79.4025045687156, 13.6151800419832],
            [79.4026041182188, 13.614289848823],
            [79.4030560327905, 13.6144140227146],
            [79.4036547141132, 13.6145720587057],
            [79.4040525590879, 13.6146064019292],
            [79.4045657288805, 13.6146309064831],
            [79.4050299548631, 13.6146727092364],
            [79.4054615513397, 13.6147130705385],
            [79.4059302257796, 13.6147736129154],
            [79.4062327882488, 13.6147894687923],
            [79.4066270354708, 13.6148757536951],
            [79.4068980877348, 13.6150549989142],
            [79.4074765192344, 13.6154284254355],
            [79.4079347938783, 13.6157393876281],
            [79.4082226122987, 13.6161250342744],
            [79.4083735068085, 13.616331436176],
            [79.4085788922252, 13.6166098073704],
            [79.4088359729915, 13.617085073548],
            [79.4090371659708, 13.6174530655394],
            [79.4091014350395, 13.6176608238939],
            [79.4091852667201, 13.6179147495538]
          ]
        ]
      },
      "properties": {
        "objectid": 5038,
        "id": "4932",
        "name": "Ward No 40",
        "code": "40",
        "town": "Tirupati",
        "district": "Tirupati",
        "state": "Andhra Pradesh",
        "st_area(shape)": 213699.912646316,
        "st_perimeter(shape)": 2155.27878241589
      }
    },
    {
      "type": "Feature",
      "id": 5040,
      "geometry": {
        "type": "Polygon",
        "coordinates": [
          [
            [79.4084564428688, 13.6232642833146],
            [79.4084246128633, 13.6236389278597],
            [79.4083911443308, 13.6240101826744],
            [79.4084376608928, 13.6240220787012],
            [79.4084138420631, 13.6242599196644],
            [79.4084846930879, 13.6242727079233],
            [79.4084618893544, 13.624404510412],
            [79.4082429223089, 13.6251588903243],
            [79.4071589540017, 13.6247009282396],
            [79.4061200173413, 13.6242632869716],
            [79.4058836023181, 13.6241820106219],
            [79.4049427697716, 13.6237725020993],
            [79.4042898149343, 13.6234880332897],
            [79.4043042894884, 13.6230957172588],
            [79.4050296153, 13.6232145059705],
            [79.4052740711433, 13.6232504560816],
            [79.4054574136995, 13.6232567079326],
            [79.4054960116123, 13.6230722717092],
            [79.4057322972782, 13.6231247895624],
            [79.4057580295195, 13.6229917457667],
            [79.4060277028694, 13.6229857435989],
            [79.4060818021108, 13.6230233961776],
            [79.4068058073989, 13.6230049994259],
            [79.406924335609, 13.6227449041955],
            [79.4070863871947, 13.6223799830804],
            [79.4071608251924, 13.622317241704],
            [79.4073307810543, 13.6222058446178],
            [79.4075369677682, 13.6221034101682],
            [79.4076298508736, 13.6220970081228],
            [79.4076325997184, 13.6221784283687],
            [79.4077916527276, 13.6221827403408],
            [79.4078114578847, 13.6218843777],
            [79.4079318438109, 13.6218870981134],
            [79.4079115275124, 13.6215628806615],
            [79.4082866208559, 13.6215551428381],
            [79.4085115212738, 13.6215503585356],
            [79.4085109867762, 13.6215668242187],
            [79.4087482713687, 13.6215583574005],
            [79.4089602144869, 13.6215555479324],
            [79.4093188578809, 13.6215611860755],
            [79.4093199125031, 13.6215775888984],
            [79.4094818293414, 13.62157502563],
            [79.4095372077838, 13.6215842519992],
            [79.4097126173177, 13.621579043396],
            [79.40984456007, 13.6216196244007],
            [79.4098216790814, 13.62177448467],
            [79.409745535183, 13.6222898621357],
            [79.4096898333472, 13.6225115570136],
            [79.4096341324097, 13.6227332499375],
            [79.4084818975307, 13.622731576313],
            [79.4084564428688, 13.6232642833146]
          ]
        ]
      },
      "properties": {
        "objectid": 5040,
        "id": "4933",
        "name": "Ward No 42",
        "code": "42",
        "town": "Tirupati",
        "district": "Tirupati",
        "state": "Andhra Pradesh",
        "st_area(shape)": 107499.003993374,
        "st_perimeter(shape)": 1867.31576912854
      }
    },
    {
      "type": "Feature",
      "id": 5042,
      "geometry": {
        "type": "Polygon",
        "coordinates": [
          [
            [79.4091852667201, 13.6179147495538],
            [79.4092283651925, 13.6181160913806],
            [79.4093156904212, 13.6186413214294],
            [79.4093469949122, 13.6188687076997],
            [79.4093865387511, 13.6189647859463],
            [79.4094573870809, 13.6191441328334],
            [79.4095172948289, 13.6192437983569],
            [79.409693394269, 13.6195030820048],
            [79.4098062244653, 13.6196865274759],
            [79.4098979649137, 13.6199386367549],
            [79.4099433073776, 13.6200513680618],
            [79.4099032371261, 13.6204664251631],
            [79.4098663298426, 13.6209245246619],
            [79.4098578937638, 13.6212965371802],
            [79.4098566783432, 13.6213149899399],
            [79.4098579359846, 13.621411399824],
            [79.4098410647252, 13.6214127111427],
            [79.409832966413, 13.6214992887195],
            [79.4098322908799, 13.6215622546862],
            [79.40984456007, 13.6216196244007],
            [79.4097126173177, 13.621579043396],
            [79.4095372077838, 13.6215842519992],
            [79.4094818293414, 13.62157502563],
            [79.4093199125031, 13.6215775888984],
            [79.4093188578809, 13.6215611860755],
            [79.4089602144869, 13.6215555479324],
            [79.4087482713687, 13.6215583574005],
            [79.4085109867762, 13.6215668242187],
            [79.4085115212738, 13.6215503585356],
            [79.4082866208559, 13.6215551428381],
            [79.4079115275124, 13.6215628806615],
            [79.4079040939534, 13.6214442299347],
            [79.4078907135473, 13.6210320905361],
            [79.4078763036718, 13.6206549623948],
            [79.4078755733415, 13.6206109431483],
            [79.4073390150122, 13.6204468914988],
            [79.406373543474, 13.6201637946195],
            [79.4057703813546, 13.6199847339943],
            [79.4054554194396, 13.6199167100061],
            [79.4053144063979, 13.6198907017277],
            [79.4053137066103, 13.6196718671394],
            [79.4053246992944, 13.6190824225519],
            [79.4052835277083, 13.6178870054091],
            [79.4044597896607, 13.6179207291508],
            [79.4044618980067, 13.6180403743158],
            [79.404101648425, 13.61810026803],
            [79.4040792615098, 13.6182331268699],
            [79.4032506851361, 13.6182471316275],
            [79.4031005640757, 13.6182595875757],
            [79.4030229900593, 13.6183005620269],
            [79.4024725437757, 13.6184231928631],
            [79.4024361278708, 13.6186332727015],
            [79.4017089146988, 13.6185924589508],
            [79.401734204969, 13.6184606296496],
            [79.4018981726612, 13.6177861074236],
            [79.4019858105037, 13.6174193085546],
            [79.4020268006301, 13.6173396301778],
            [79.4026772150317, 13.6173743073827],
            [79.4033674203089, 13.6174259071659],
            [79.4036971541205, 13.6174136860278],
            [79.4036915657011, 13.6172100011725],
            [79.4042532310443, 13.6172439485151],
            [79.4048805641331, 13.6172629594787],
            [79.4051376440011, 13.6172819695678],
            [79.4054198740021, 13.6173566549146],
            [79.4057007071229, 13.6173783810961],
            [79.4058054947025, 13.6174109708013],
            [79.4059675678477, 13.6174259071659],
            [79.4062288401531, 13.6175168873119],
            [79.4063266424331, 13.6175535507084],
            [79.4066577731249, 13.617825130664],
            [79.4075072568885, 13.6182365737114],
            [79.4075841014728, 13.6181238677312],
            [79.4077559545766, 13.6181713945242],
            [79.4079138361827, 13.6181130051114],
            [79.4079850914494, 13.6180342471745],
            [79.4080381845776, 13.6178346356862],
            [79.4085174160187, 13.617860435529],
            [79.4089519383082, 13.6178984573557],
            [79.4091852667201, 13.6179147495538]
          ]
        ]
      },
      "properties": {
        "objectid": 5042,
        "id": "4935",
        "name": "Ward No 41",
        "code": "41",
        "town": "Tirupati",
        "district": "Tirupati",
        "state": "Andhra Pradesh",
        "st_area(shape)": 203350.493664918,
        "st_perimeter(shape)": 2776.10319038866
      }
    },
    {
      "type": "Feature",
      "id": 5043,
      "geometry": {
        "type": "Polygon",
        "coordinates": [
          [
            [79.4118638785056, 13.6353178131213],
            [79.4116074085937, 13.635338075382],
            [79.4109115609982, 13.635463558188],
            [79.4108871906029, 13.6350664046779],
            [79.4108122046328, 13.6347038640526],
            [79.4104972642774, 13.6348295689372],
            [79.4102760568336, 13.6349498087849],
            [79.4097399090344, 13.6350627607843],
            [79.4088411490842, 13.6352981741788],
            [79.4086763953661, 13.634975893976],
            [79.4085609043599, 13.6346775623276],
            [79.4084343452111, 13.6338237987828],
            [79.4083173674932, 13.6337121836315],
            [79.4080110976768, 13.6336584433076],
            [79.4075474403278, 13.6337741921524],
            [79.4071943817599, 13.6339020433713],
            [79.4074037565947, 13.632678296156],
            [79.4085072551746, 13.6330722122125],
            [79.4089319373184, 13.6331571399037],
            [79.4095449458716, 13.6332518748992],
            [79.4096574248267, 13.6333010643431],
            [79.4101373326992, 13.6333229261209],
            [79.410405407048, 13.6333447878966],
            [79.4106472362174, 13.6333903334018],
            [79.4107540908205, 13.6333957992808],
            [79.4108853158188, 13.6333502537768],
            [79.4112846124711, 13.6333356789691],
            [79.4113033612094, 13.6335287918232],
            [79.4113820958491, 13.6338840473016],
            [79.4114439592294, 13.6342065088324],
            [79.4115301930052, 13.6345435446571],
            [79.4115939311695, 13.6346564968507],
            [79.4116464206298, 13.6348678272359],
            [79.4117007857725, 13.6350736915919],
            [79.4118638785056, 13.6353178131213]
          ]
        ]
      },
      "properties": {
        "objectid": 5043,
        "id": "4936",
        "name": "Ward No 58",
        "code": "58",
        "town": "Tirupati",
        "district": "Tirupati",
        "state": "Andhra Pradesh",
        "st_area(shape)": 83293.7322959432,
        "st_perimeter(shape)": 1576.19125212069
      }
    },
    {
      "type": "Feature",
      "id": 5045,
      "geometry": {
        "type": "Polygon",
        "coordinates": [
          [
            [79.411103598348, 13.6271298118114],
            [79.4110472101993, 13.6273921607362],
            [79.4110052175531, 13.6276708340705],
            [79.4109620256559, 13.6279926484399],
            [79.4109171898417, 13.6282283430087],
            [79.4108783421973, 13.6283532315703],
            [79.4109392300073, 13.6283774256495],
            [79.4108196283104, 13.6285827858162],
            [79.4109224333081, 13.6286421059033],
            [79.4107988574643, 13.6290082264839],
            [79.4107580649673, 13.6294326458268],
            [79.4107328690202, 13.6298593953634],
            [79.410021941406, 13.6295981814822],
            [79.4097068752864, 13.6294965228576],
            [79.4089759278178, 13.6292590110543],
            [79.407990153456, 13.6289389479426],
            [79.4071414799728, 13.6286623320697],
            [79.4061951964491, 13.6283495098741],
            [79.405211657994, 13.6280316184873],
            [79.4040560005338, 13.6276681067394],
            [79.4033384649124, 13.6274501445192],
            [79.402491280836, 13.6271916299937],
            [79.4019153152117, 13.6270142186027],
            [79.4014958208387, 13.6268889434551],
            [79.4005763619077, 13.6266021875672],
            [79.3998372173122, 13.6263769825795],
            [79.3989244643048, 13.6261018129395],
            [79.3979804166879, 13.6258165035839],
            [79.3969260936833, 13.6254913678516],
            [79.396057301531, 13.6252176446716],
            [79.3950588609236, 13.6249091630145],
            [79.3940812836887, 13.6246079219207],
            [79.3929263709319, 13.6242487491441],
            [79.3922647177077, 13.6240387493762],
            [79.3914831016638, 13.6237939910977],
            [79.3931431478847, 13.6235118446021],
            [79.3949409579409, 13.62314265113],
            [79.3966305461582, 13.6227992153524],
            [79.3978033183212, 13.6225545169036],
            [79.3979700249766, 13.6225558046438],
            [79.3984562722602, 13.62252970324],
            [79.398942520442, 13.622537945651],
            [79.3992944848619, 13.6225736636352],
            [79.399907948861, 13.6226327346669],
            [79.4005609908349, 13.6228731402822],
            [79.4013044958528, 13.6230943116608],
            [79.4020671969701, 13.62340519393],
            [79.4029597827993, 13.6237803166776],
            [79.4043364545655, 13.6243492523781],
            [79.4053174948058, 13.6247523203875],
            [79.4066989914234, 13.6253261296434],
            [79.4083378104541, 13.6260029080982],
            [79.4087318339956, 13.6261670222427],
            [79.4090164948378, 13.6263076910444],
            [79.4093375356523, 13.6264570306945],
            [79.4097166633298, 13.6266202706214],
            [79.4100849932575, 13.6267415343445],
            [79.4106416873239, 13.6269292598937],
            [79.411103598348, 13.6271298118114]
          ]
        ]
      },
      "properties": {
        "objectid": 5045,
        "id": "4937",
        "name": "Ward No 48",
        "code": "48",
        "town": "Tirupati",
        "district": "Tirupati",
        "state": "Andhra Pradesh",
        "st_area(shape)": 686595.88037487,
        "st_perimeter(shape)": 4887.16874344503
      }
    },
    {
      "type": "Feature",
      "id": 5046,
      "geometry": {
        "type": "Polygon",
        "coordinates": [
          [
            [79.4112846124711, 13.6333356789691],
            [79.4108853158188, 13.6333502537768],
            [79.4107540908205, 13.6333957992808],
            [79.4106472362174, 13.6333903334018],
            [79.410405407048, 13.6333447878966],
            [79.4101373326992, 13.6333229261209],
            [79.4096574248267, 13.6333010643431],
            [79.4095449458716, 13.6332518748992],
            [79.4089319373184, 13.6331571399037],
            [79.4085072551746, 13.6330722122125],
            [79.408859725346, 13.6320885059901],
            [79.4082420689094, 13.6319225678759],
            [79.4085173576282, 13.6311072671704],
            [79.4090809875869, 13.6313046500012],
            [79.4099649109619, 13.6316732082668],
            [79.4102183634328, 13.6306526803365],
            [79.4097800574394, 13.6305296542576],
            [79.410021941406, 13.6295981814822],
            [79.4107328690202, 13.6298593953634],
            [79.4111887828915, 13.6300510374071],
            [79.4113546388424, 13.6301338674534],
            [79.411439102937, 13.6303831090841],
            [79.4114759599148, 13.6305413090042],
            [79.4115320138902, 13.6306711524452],
            [79.4116364412453, 13.6309136765446],
            [79.4118360837324, 13.6312897738783],
            [79.41188829741, 13.6313248471302],
            [79.4121140467358, 13.6314278258345],
            [79.4124618842953, 13.6316128893432],
            [79.4127252577602, 13.6317539268056],
            [79.4128020439541, 13.6318957079881],
            [79.4129179895078, 13.632103904122],
            [79.4130531320591, 13.6322956840265],
            [79.4131629349329, 13.6326135740416],
            [79.4132235954691, 13.6328687817992],
            [79.4133065216479, 13.6333180049949],
            [79.4128350615323, 13.6333194978324],
            [79.4121317076143, 13.6332993497622],
            [79.4112846124711, 13.6333356789691]
          ]
        ]
      },
      "properties": {
        "objectid": 5046,
        "id": "4938",
        "name": "Ward No 57",
        "code": "57",
        "town": "Tirupati",
        "district": "Tirupati",
        "state": "Andhra Pradesh",
        "st_area(shape)": 137339.755262704,
        "st_perimeter(shape)": 1892.08764464817
      }
    },
    {
      "type": "Feature",
      "id": 5048,
      "geometry": {
        "type": "Polygon",
        "coordinates": [
          [
            [79.4154569411144, 13.632727428974],
            [79.4150739390031, 13.6327709343821],
            [79.4150653421259, 13.632722030301],
            [79.4150016875048, 13.6327265708084],
            [79.4149379816798, 13.631997506135],
            [79.4142613508449, 13.631990500235],
            [79.4142591859051, 13.632129263284],
            [79.4141661204416, 13.6321304854964],
            [79.4141592034139, 13.6315914909759],
            [79.4140623659246, 13.6315945465138],
            [79.4140523047934, 13.6314992137141],
            [79.4137919730241, 13.6314949359594],
            [79.4136385659264, 13.6314894901155],
            [79.4127938558103, 13.6316956533662],
            [79.4127252577602, 13.6317539268056],
            [79.4124618842953, 13.6316128893432],
            [79.4121140467358, 13.6314278258345],
            [79.41188829741, 13.6313248471302],
            [79.4118360837324, 13.6312897738783],
            [79.4116364412453, 13.6309136765446],
            [79.4115320138902, 13.6306711524452],
            [79.4114759599148, 13.6305413090042],
            [79.411439102937, 13.6303831090841],
            [79.4113546388424, 13.6301338674534],
            [79.4115461174402, 13.6302009246918],
            [79.4116562706569, 13.6302394988988],
            [79.4119740577735, 13.6302797815912],
            [79.4121920564351, 13.6303812355932],
            [79.4122995209942, 13.6303842195595],
            [79.4125912093569, 13.6305065603974],
            [79.4129763782046, 13.6306383044097],
            [79.4130164601343, 13.6303006693632],
            [79.4133627247437, 13.6303080341226],
            [79.4133804143683, 13.630201705168],
            [79.4139329761844, 13.6302260710421],
            [79.4143208103336, 13.6302562206432],
            [79.4144585211683, 13.6302433873112],
            [79.4148677954084, 13.6302410441368],
            [79.4148986184024, 13.6308183810098],
            [79.4149062945065, 13.6310421753412],
            [79.4151611384678, 13.6310541111726],
            [79.4156554732838, 13.6311018536192],
            [79.4158734701487, 13.6311227413184],
            [79.4158519797522, 13.6317821870178],
            [79.4158228105566, 13.6327005717967],
            [79.4154569411144, 13.632727428974]
          ]
        ]
      },
      "properties": {
        "objectid": 5048,
        "id": "4940",
        "name": "Ward No 56",
        "code": "56",
        "town": "Tirupati",
        "district": "Tirupati",
        "state": "Andhra Pradesh",
        "st_area(shape)": 75120.3557131313,
        "st_perimeter(shape)": 1601.9428952872
      }
    },
    {
      "type": "Feature",
      "id": 5049,
      "geometry": {
        "type": "Polygon",
        "coordinates": [
          [
            [79.4140106840497, 13.6256572572268],
            [79.4140422221027, 13.6260356712209],
            [79.4140384896027, 13.6265942019684],
            [79.4140593969926, 13.6272070406672],
            [79.4140592038548, 13.6276660271931],
            [79.4140397939565, 13.6281175257768],
            [79.4138384383822, 13.6280644782344],
            [79.4133556639856, 13.6279689912312],
            [79.4129723564471, 13.6278605371554],
            [79.4125453809043, 13.6277155390731],
            [79.4118527582607, 13.6274455820846],
            [79.4118418410351, 13.6274255400227],
            [79.4113784747402, 13.6272357457939],
            [79.411103598348, 13.6271298118114],
            [79.4106416873239, 13.6269292598937],
            [79.4100849932575, 13.6267415343445],
            [79.4097166633298, 13.6266202706214],
            [79.4093375356523, 13.6264570306945],
            [79.4090164948378, 13.6263076910444],
            [79.4090727859684, 13.625993529994],
            [79.4090824356712, 13.6258606746418],
            [79.4091596323951, 13.625755954431],
            [79.4089360839417, 13.6254277245843],
            [79.408606389656, 13.625301121584],
            [79.4082429223089, 13.6251588903243],
            [79.4084618893544, 13.624404510412],
            [79.4084846930879, 13.6242727079233],
            [79.4084138420631, 13.6242599196644],
            [79.4084376608928, 13.6240220787012],
            [79.4083911443308, 13.6240101826744],
            [79.4084246128633, 13.6236389278597],
            [79.4084564428688, 13.6232642833146],
            [79.4084818975307, 13.622731576313],
            [79.4096341324097, 13.6227332499375],
            [79.4096898333472, 13.6225115570136],
            [79.4104541693983, 13.6224460201834],
            [79.4107541042952, 13.6225737457014],
            [79.4107039989636, 13.6227677115828],
            [79.411176546939, 13.6229081973223],
            [79.4112777960547, 13.6226605751627],
            [79.4117217542479, 13.6227666744072],
            [79.4123537262368, 13.6229317162238],
            [79.4127467382753, 13.6230189532644],
            [79.4127261174479, 13.6233360700208],
            [79.4125881101691, 13.623932794754],
            [79.4125779259688, 13.6243688267528],
            [79.4129134107948, 13.6243804285479],
            [79.4129177424711, 13.6250911559264],
            [79.4139827850719, 13.6250242081136],
            [79.4139888504967, 13.6250819724728],
            [79.4140106840497, 13.6256572572268]
          ]
        ]
      },
      "properties": {
        "objectid": 5049,
        "id": "4941",
        "name": "Ward No 37",
        "code": "37",
        "town": "Tirupati",
        "district": "Tirupati",
        "state": "Andhra Pradesh",
        "st_area(shape)": 273262.891166352,
        "st_perimeter(shape)": 2387.72799649229
      }
    },
    {
      "type": "Feature",
      "id": 5051,
      "geometry": {
        "type": "Polygon",
        "coordinates": [
          [
            [79.4177250084421, 13.622512548792],
            [79.4170438905223, 13.6225223373652],
            [79.4156810222688, 13.6225374628575],
            [79.4139773664341, 13.6225527551004],
            [79.4130404271861, 13.6226292163],
            [79.4129102568098, 13.6225944612917],
            [79.4119375565286, 13.6223525659784],
            [79.4112752619073, 13.622156547226],
            [79.4103182956183, 13.6218562638492],
            [79.410026485983, 13.6218089962187],
            [79.4098216790814, 13.62177448467],
            [79.40984456007, 13.6216196244007],
            [79.4098322908799, 13.6215622546862],
            [79.409832966413, 13.6214992887195],
            [79.4098410647252, 13.6214127111427],
            [79.4098579359846, 13.621411399824],
            [79.4098566783432, 13.6213149899399],
            [79.4098578937638, 13.6212965371802],
            [79.4098663298426, 13.6209245246619],
            [79.4099032371261, 13.6204664251631],
            [79.4099433073776, 13.6200513680618],
            [79.4098979649137, 13.6199386367549],
            [79.4098062244653, 13.6196865274759],
            [79.409693394269, 13.6195030820048],
            [79.4095172948289, 13.6192437983569],
            [79.4094573870809, 13.6191441328334],
            [79.4093865387511, 13.6189647859463],
            [79.4093469949122, 13.6188687076997],
            [79.4093156904212, 13.6186413214294],
            [79.4092283651925, 13.6181160913806],
            [79.4091852667201, 13.6179147495538],
            [79.4091014350395, 13.6176608238939],
            [79.4093192216986, 13.6177483509896],
            [79.4095967535107, 13.6178591634783],
            [79.4101359088695, 13.618077352806],
            [79.4105725359117, 13.6181048411216],
            [79.4110065111271, 13.6181512277015],
            [79.4115757169288, 13.6181331885256],
            [79.411618142563, 13.6182740664033],
            [79.4120273700907, 13.6181623950176],
            [79.4121502263839, 13.6181357658002],
            [79.4123402568974, 13.6181443558425],
            [79.4124701838302, 13.6183118629141],
            [79.412564757565, 13.6182903873865],
            [79.4125638736228, 13.6182397062512],
            [79.41282107656, 13.618196755181],
            [79.4129032760017, 13.6181615359261],
            [79.4133407869861, 13.6180344017062],
            [79.4137615048646, 13.6179175765264],
            [79.413793323192, 13.617816213212],
            [79.4140266623837, 13.617765531102],
            [79.4143386652482, 13.6177242981317],
            [79.4143996518728, 13.6176229347345],
            [79.4148787045492, 13.617640114856],
            [79.4153754333754, 13.6176753350615],
            [79.4156644564366, 13.6176950915856],
            [79.4158226668261, 13.6178488552405],
            [79.416949588977, 13.6178308160415],
            [79.4171431543612, 13.6178239424271],
            [79.4171830440514, 13.6179588740695],
            [79.4173386753777, 13.618518523952],
            [79.4174888153027, 13.6190852896711],
            [79.4175821942782, 13.619412714635],
            [79.4175922625959, 13.6195942219939],
            [79.4175501522703, 13.6202250462661],
            [79.4175867720929, 13.6210578393932],
            [79.4176288842151, 13.621683321949],
            [79.4176664185226, 13.6221139521969],
            [79.4177250084421, 13.622512548792]
          ]
        ]
      },
      "properties": {
        "objectid": 5051,
        "id": "4942",
        "name": "Ward No 38",
        "code": "38",
        "town": "Tirupati",
        "district": "Tirupati",
        "state": "Andhra Pradesh",
        "st_area(shape)": 446308.029636651,
        "st_perimeter(shape)": 2895.27800073087
      }
    },
    {
      "type": "Feature",
      "id": 5055,
      "geometry": {
        "type": "Polygon",
        "coordinates": [
          [
            [79.4108036454848, 13.641343108648],
            [79.4103576562008, 13.6417439774518],
            [79.4099835249529, 13.6415576752747],
            [79.4099631421791, 13.6416504269962],
            [79.4096015541076, 13.6415361940029],
            [79.409459270848, 13.6414729077398],
            [79.4096582045643, 13.6410934944735],
            [79.4098122332962, 13.6407959815489],
            [79.4098864458168, 13.6405948877657],
            [79.4099937405943, 13.6402241539909],
            [79.4101405262101, 13.6395804376682],
            [79.4102224875983, 13.6391807384799],
            [79.4105478672756, 13.6385227102127],
            [79.4108222963067, 13.6380446359686],
            [79.410994173665, 13.6377861766856],
            [79.4111676688891, 13.637517384423],
            [79.4114097801295, 13.637603984908],
            [79.4119505192181, 13.6377556805963],
            [79.412110639426, 13.6377853944884],
            [79.412211601979, 13.6377775541837],
            [79.4122417934575, 13.6375601966687],
            [79.4126647355646, 13.6376034846855],
            [79.412827977418, 13.6376154952624],
            [79.412957232411, 13.6376139937221],
            [79.4130298414388, 13.6376194987879],
            [79.4130329316433, 13.637656530959],
            [79.4134933748203, 13.6376433409768],
            [79.4135036039365, 13.637995829881],
            [79.4137233183802, 13.6381275819381],
            [79.413647277788, 13.6383015977978],
            [79.4135108129166, 13.638584345579],
            [79.4134409006313, 13.638728112193],
            [79.413159114398, 13.6392214727255],
            [79.412852614613, 13.6396136546041],
            [79.4127086470123, 13.6397517724066],
            [79.4118736342096, 13.6401800449812],
            [79.4114741704708, 13.6406228553456],
            [79.410886236592, 13.6412688769722],
            [79.4108036454848, 13.641343108648]
          ]
        ]
      },
      "properties": {
        "objectid": 5055,
        "id": "4946",
        "name": "Ward No 74",
        "code": "74",
        "town": "Tirupati",
        "district": "Tirupati",
        "state": "Andhra Pradesh",
        "st_area(shape)": 115746.951875747,
        "st_perimeter(shape)": 1542.43408409681
      }
    },
    {
      "type": "Feature",
      "id": 5056,
      "geometry": {
        "type": "Polygon",
        "coordinates": [
          [
            [79.4151244351019, 13.6360422022652],
            [79.4148504004312, 13.6363482442124],
            [79.4145995692443, 13.6366360323702],
            [79.4143233238197, 13.6369388530839],
            [79.4140702827772, 13.6372481160749],
            [79.4139709452765, 13.6374820510668],
            [79.4138481815098, 13.6379761719555],
            [79.4137233183802, 13.6381275819381],
            [79.4135036039365, 13.637995829881],
            [79.4134933748203, 13.6376433409768],
            [79.4130329316433, 13.637656530959],
            [79.4130298414388, 13.6376194987879],
            [79.412957232411, 13.6376139937221],
            [79.412827977418, 13.6376154952624],
            [79.4126647355646, 13.6376034846855],
            [79.4122417934575, 13.6375601966687],
            [79.412211601979, 13.6377775541837],
            [79.412110639426, 13.6377853944884],
            [79.4119505192181, 13.6377556805963],
            [79.4114097801295, 13.637603984908],
            [79.4111676688891, 13.637517384423],
            [79.4112619632478, 13.6374123123261],
            [79.4114467745496, 13.6371850608779],
            [79.4117698814893, 13.636823413956],
            [79.4119521793048, 13.6366340367101],
            [79.412099273941, 13.6364299991424],
            [79.4122723685165, 13.6361949273435],
            [79.4123842096676, 13.6360150800745],
            [79.4127995529258, 13.6362870360293],
            [79.4128901614969, 13.636102336729],
            [79.4131023184142, 13.6361044842946],
            [79.4130967937752, 13.6358983074318],
            [79.4135023220405, 13.6359165626276],
            [79.4134967965032, 13.6358360244751],
            [79.4138150318791, 13.6358134741367],
            [79.4141244269344, 13.6358016625111],
            [79.4143829926158, 13.6358231390666],
            [79.414716696981, 13.6358768308832],
            [79.4148470856478, 13.6358993812156],
            [79.4149857603749, 13.6359707930607],
            [79.4151244351019, 13.6360422022652]
          ]
        ]
      },
      "properties": {
        "objectid": 5056,
        "id": "4947",
        "name": "Ward No 73",
        "code": "73",
        "town": "Tirupati",
        "district": "Tirupati",
        "state": "Andhra Pradesh",
        "st_area(shape)": 60709.8082183964,
        "st_perimeter(shape)": 1235.901220445
      }
    },
    {
      "type": "Feature",
      "id": 5058,
      "geometry": {
        "type": "Polygon",
        "coordinates": [
          [
            [79.4149857603749, 13.6359707930607],
            [79.4148470856478, 13.6358993812156],
            [79.414716696981, 13.6358768308832],
            [79.4143829926158, 13.6358231390666],
            [79.4141244269344, 13.6358016625111],
            [79.4138150318791, 13.6358134741367],
            [79.4134967965032, 13.6358360244751],
            [79.4135023220405, 13.6359165626276],
            [79.4130967937752, 13.6358983074318],
            [79.4131023184142, 13.6361044842946],
            [79.4128901614969, 13.636102336729],
            [79.4127995529258, 13.6362870360293],
            [79.4123842096676, 13.6360150800745],
            [79.4124827279048, 13.6358875259445],
            [79.4123280892169, 13.6357714560001],
            [79.4121642014748, 13.6356334371372],
            [79.4119758328445, 13.6354383128735],
            [79.4118638785056, 13.6353178131213],
            [79.4117007857725, 13.6350736915919],
            [79.4116464206298, 13.6348678272359],
            [79.4115939311695, 13.6346564968507],
            [79.4115301930052, 13.6345435446571],
            [79.4114439592294, 13.6342065088324],
            [79.4113820958491, 13.6338840473016],
            [79.4113033612094, 13.6335287918232],
            [79.4112846124711, 13.6333356789691],
            [79.4121317076143, 13.6332993497622],
            [79.4128350615323, 13.6333194978324],
            [79.4133065216479, 13.6333180049949],
            [79.4134691724099, 13.6333694083638],
            [79.4134769069045, 13.6336464613386],
            [79.4134249735013, 13.633853713087],
            [79.4133244196816, 13.6341855314867],
            [79.4132868503398, 13.6345828540938],
            [79.4133498339194, 13.634761111849],
            [79.4133763539832, 13.634856683407],
            [79.4134680674821, 13.6348513144646],
            [79.4136537043356, 13.6347997699924],
            [79.4138205565181, 13.6349962828507],
            [79.413889065635, 13.6350295720172],
            [79.4141354771107, 13.6350875591639],
            [79.414535480737, 13.6351444725093],
            [79.4148444688554, 13.6351929622881],
            [79.4149908250764, 13.6352449719822],
            [79.4151000467403, 13.6352831839448],
            [79.4150498048647, 13.6354795479915],
            [79.4150738339003, 13.6354997150817],
            [79.4150683730417, 13.6355718926653],
            [79.4150312375861, 13.6356844043773],
            [79.4150858479689, 13.6357077552651],
            [79.4149857603749, 13.6359707930607]
          ]
        ]
      },
      "properties": {
        "objectid": 5058,
        "id": "4948",
        "name": "Ward No 62",
        "code": "62",
        "town": "Tirupati",
        "district": "Tirupati",
        "state": "Andhra Pradesh",
        "st_area(shape)": 76065.8342048266,
        "st_perimeter(shape)": 1415.31655288971
      }
    },
    {
      "type": "Feature",
      "id": 5059,
      "geometry": {
        "type": "Polygon",
        "coordinates": [
          [
            [79.4152732113843, 13.6358632427159],
            [79.4152331285563, 13.635931136403],
            [79.4151244351019, 13.6360422022652],
            [79.4149857603749, 13.6359707930607],
            [79.4150858479689, 13.6357077552651],
            [79.4150312375861, 13.6356844043773],
            [79.4150683730417, 13.6355718926653],
            [79.4150738339003, 13.6354997150817],
            [79.4150498048647, 13.6354795479915],
            [79.4151000467403, 13.6352831839448],
            [79.4149908250764, 13.6352449719822],
            [79.4148444688554, 13.6351929622881],
            [79.414535480737, 13.6351444725093],
            [79.4141354771107, 13.6350875591639],
            [79.413889065635, 13.6350295720172],
            [79.4138205565181, 13.6349962828507],
            [79.4136537043356, 13.6347997699924],
            [79.4134680674821, 13.6348513144646],
            [79.4133763539832, 13.634856683407],
            [79.4133498339194, 13.634761111849],
            [79.4132868503398, 13.6345828540938],
            [79.4133244196816, 13.6341855314867],
            [79.4134249735013, 13.633853713087],
            [79.4134769069045, 13.6336464613386],
            [79.4134691724099, 13.6333694083638],
            [79.4133065216479, 13.6333180049949],
            [79.4132235954691, 13.6328687817992],
            [79.4131629349329, 13.6326135740416],
            [79.4130531320591, 13.6322956840265],
            [79.4129179895078, 13.632103904122],
            [79.4128020439541, 13.6318957079881],
            [79.4127252577602, 13.6317539268056],
            [79.4127938558103, 13.6316956533662],
            [79.4136385659264, 13.6314894901155],
            [79.4137919730241, 13.6314949359594],
            [79.4140523047934, 13.6314992137141],
            [79.4140623659246, 13.6315945465138],
            [79.4141592034139, 13.6315914909759],
            [79.4141661204416, 13.6321304854964],
            [79.4142591859051, 13.632129263284],
            [79.4142613508449, 13.631990500235],
            [79.4149379816798, 13.631997506135],
            [79.4150016875048, 13.6327265708084],
            [79.4150653421259, 13.632722030301],
            [79.4150739390031, 13.6327709343821],
            [79.4154569411144, 13.632727428974],
            [79.4158228105566, 13.6327005717967],
            [79.4157537256197, 13.6334253007084],
            [79.4156866556039, 13.6341158467718],
            [79.4156823948945, 13.6341597613618],
            [79.4156545875449, 13.6344464059368],
            [79.4155950337332, 13.6347524796337],
            [79.4155686924341, 13.6351275581785],
            [79.4155022674087, 13.6353768678724],
            [79.4152732113843, 13.6358632427159]
          ]
        ]
      },
      "properties": {
        "objectid": 5059,
        "id": "4949",
        "name": "Ward No 61",
        "code": "61",
        "town": "Tirupati",
        "district": "Tirupati",
        "state": "Andhra Pradesh",
        "st_area(shape)": 99739.5744058819,
        "st_perimeter(shape)": 1614.32873017866
      }
    },
    {
      "type": "Feature",
      "id": 5060,
      "geometry": {
        "type": "Polygon",
        "coordinates": [
          [
            [79.4176428646959, 13.6362103802064],
            [79.4167163378203, 13.6362695429855],
            [79.415764790169, 13.6363449146162],
            [79.4155512965586, 13.6363538296231],
            [79.4155771491741, 13.636652075347],
            [79.4156663833229, 13.6370856665636],
            [79.4157097485949, 13.637348251489],
            [79.4157873073399, 13.6376894496035],
            [79.4158223335512, 13.6378782838778],
            [79.4158790423984, 13.6381773386808],
            [79.4159215740339, 13.6384844970283],
            [79.4159704118426, 13.6389597104876],
            [79.4151670960947, 13.6389020080114],
            [79.4144720533897, 13.6388386494575],
            [79.4136873642093, 13.6387639770102],
            [79.4134409006313, 13.638728112193],
            [79.4135108129166, 13.638584345579],
            [79.413647277788, 13.6383015977978],
            [79.4137233183802, 13.6381275819381],
            [79.4138481815098, 13.6379761719555],
            [79.4139709452765, 13.6374820510668],
            [79.4140702827772, 13.6372481160749],
            [79.4143233238197, 13.6369388530839],
            [79.4145995692443, 13.6366360323702],
            [79.4148504004312, 13.6363482442124],
            [79.4151244351019, 13.6360422022652],
            [79.4152331285563, 13.635931136403],
            [79.4152732113843, 13.6358632427159],
            [79.4153619873923, 13.6359202379359],
            [79.4159507629924, 13.635921048075],
            [79.4164819952104, 13.6359105127733],
            [79.4169314996021, 13.635862695348],
            [79.4171808530604, 13.6358351401311],
            [79.4176103420893, 13.6358286563961],
            [79.4176428646959, 13.6362103802064]
          ]
        ]
      },
      "properties": {
        "objectid": 5060,
        "id": "4950",
        "name": "Ward No 72",
        "code": "72",
        "town": "Tirupati",
        "district": "Tirupati",
        "state": "Andhra Pradesh",
        "st_area(shape)": 69458.7316069945,
        "st_perimeter(shape)": 1518.16707962156
      }
    },
    {
      "type": "Feature",
      "id": 5061,
      "geometry": {
        "type": "Polygon",
        "coordinates": [
          [
            [79.418509590723, 13.637270529217],
            [79.4185247246406, 13.6379810493351],
            [79.4184863045942, 13.6383906161656],
            [79.418517739341, 13.6390377752861],
            [79.4185223962074, 13.6392040881489],
            [79.4179169981812, 13.639159965854],
            [79.4171497731482, 13.6390807679638],
            [79.4165915196065, 13.6390021270104],
            [79.4159704118426, 13.6389597104876],
            [79.4159215740339, 13.6384844970283],
            [79.4158790423984, 13.6381773386808],
            [79.4158223335512, 13.6378782838778],
            [79.4157873073399, 13.6376894496035],
            [79.4157097485949, 13.637348251489],
            [79.4156663833229, 13.6370856665636],
            [79.4155771491741, 13.636652075347],
            [79.4155512965586, 13.6363538296231],
            [79.415764790169, 13.6363449146162],
            [79.4167163378203, 13.6362695429855],
            [79.4176428646959, 13.6362103802064],
            [79.4179372542926, 13.6362059672229],
            [79.4179105671421, 13.6363471660658],
            [79.4179179809382, 13.636556081987],
            [79.4179417018516, 13.6366410896139],
            [79.4180677229095, 13.6368298348083],
            [79.4181996737466, 13.6370214607214],
            [79.4183820326476, 13.6371871525623],
            [79.418509590723, 13.637270529217]
          ]
        ]
      },
      "properties": {
        "objectid": 5061,
        "id": "4951",
        "name": "Ward No 71",
        "code": "71",
        "town": "Tirupati",
        "district": "Tirupati",
        "state": "Andhra Pradesh",
        "st_area(shape)": 92656.6622071232,
        "st_perimeter(shape)": 1223.58170468772
      }
    },
    {
      "type": "Feature",
      "id": 5062,
      "geometry": {
        "type": "Polygon",
        "coordinates": [
          [
            [79.4191489046428, 13.6371439901798],
            [79.4185421878897, 13.6372331923119],
            [79.418509590723, 13.637270529217],
            [79.4183820326476, 13.6371871525623],
            [79.4181996737466, 13.6370214607214],
            [79.4180677229095, 13.6368298348083],
            [79.4179417018516, 13.6366410896139],
            [79.4179179809382, 13.636556081987],
            [79.4179105671421, 13.6363471660658],
            [79.4179372542926, 13.6362059672229],
            [79.4176428646959, 13.6362103802064],
            [79.4176103420893, 13.6358286563961],
            [79.4171808530604, 13.6358351401311],
            [79.4169314996021, 13.635862695348],
            [79.4164819952104, 13.6359105127733],
            [79.4159507629924, 13.635921048075],
            [79.4153619873923, 13.6359202379359],
            [79.4152732113843, 13.6358632427159],
            [79.4155022674087, 13.6353768678724],
            [79.4155686924341, 13.6351275581785],
            [79.4155950337332, 13.6347524796337],
            [79.4156545875449, 13.6344464059368],
            [79.4156823948945, 13.6341597613618],
            [79.4164427990196, 13.634167222031],
            [79.4170788322919, 13.6341513726919],
            [79.4183627592932, 13.6340202600729],
            [79.4183835148678, 13.6343444421021],
            [79.4183761019701, 13.6345720908794],
            [79.4183197632288, 13.6351512967322],
            [79.4184250278137, 13.6351916396969],
            [79.41862073029, 13.6352406270745],
            [79.4194139184313, 13.63526079855],
            [79.4195251127955, 13.6356109147153],
            [79.4195755208594, 13.6359725573828],
            [79.4193753708242, 13.6360287485486],
            [79.4191085038112, 13.6360546825925],
            [79.4191173998274, 13.6367116884793],
            [79.4191489046428, 13.6371439901798]
          ]
        ]
      },
      "properties": {
        "objectid": 5062,
        "id": "4952",
        "name": "Ward No 64",
        "code": "64",
        "town": "Tirupati",
        "district": "Tirupati",
        "state": "Andhra Pradesh",
        "st_area(shape)": 93265.8628713985,
        "st_perimeter(shape)": 1577.53916574205
      }
    },
    {
      "type": "Feature",
      "id": 5063,
      "geometry": {
        "type": "Polygon",
        "coordinates": [
          [
            [79.4278866036123, 13.6352747603948],
            [79.4275013377465, 13.6352777739812],
            [79.4274989850588, 13.635333734841],
            [79.4269320969106, 13.6353534986191],
            [79.425731813842, 13.6353763301064],
            [79.4254408198771, 13.6353638768062],
            [79.4251733186535, 13.6353202924329],
            [79.4252963025074, 13.6350625041229],
            [79.4253833609366, 13.6350579715172],
            [79.4253942431279, 13.6348796973991],
            [79.4254626462435, 13.6346802712447],
            [79.4255123940456, 13.634373578497],
            [79.4255357134121, 13.6341832171604],
            [79.4254875205937, 13.6340185393863],
            [79.4253507143625, 13.6338160910429],
            [79.425220127168, 13.6336982487574],
            [79.4250211359595, 13.6336332833545],
            [79.425008700581, 13.6335003327751],
            [79.4250755478146, 13.6335154401049],
            [79.4253196218739, 13.6336015566673],
            [79.4253989071809, 13.6336468812532],
            [79.4254750834186, 13.6338311992254],
            [79.4255730240391, 13.6338311992254],
            [79.4255450406197, 13.6331271626548],
            [79.4255497046727, 13.632330963159],
            [79.4255512596564, 13.6319925404579],
            [79.4261482305869, 13.6319895180995],
            [79.4272255774122, 13.6319880077934],
            [79.4280565648641, 13.6319918769708],
            [79.4280063723959, 13.6327133953921],
            [79.4279679289933, 13.6333194594202],
            [79.4279380267724, 13.6340853397326],
            [79.4278866036123, 13.6352747603948]
          ]
        ]
      },
      "properties": {
        "objectid": 5063,
        "id": "4953",
        "name": "Ward No 22",
        "code": "22",
        "town": "Tirupati",
        "district": "Tirupati",
        "state": "Andhra Pradesh",
        "st_area(shape)": 106473.991520626,
        "st_perimeter(shape)": 1505.4309240642
      }
    },
    {
      "type": "Feature",
      "id": 5065,
      "geometry": {
        "type": "Polygon",
        "coordinates": [
          [
            [79.4256117108851, 13.6312654674787],
            [79.4253584461621, 13.6312751343407],
            [79.4247350162533, 13.631290780461],
            [79.4242716930775, 13.6312707884869],
            [79.4238298360438, 13.6312421030567],
            [79.423315033114, 13.6312094314491],
            [79.4231270992684, 13.6312177870491],
            [79.42290769654, 13.6312623045561],
            [79.422596000001, 13.6312823314514],
            [79.4221426220737, 13.6312497873092],
            [79.4214577923152, 13.6312029886187],
            [79.4212835236417, 13.6311972145156],
            [79.4204244252096, 13.6311734319139],
            [79.419541628322, 13.6311414814052],
            [79.4194906228785, 13.6311396367298],
            [79.4194837175289, 13.6308448542751],
            [79.4195096563828, 13.6307509747411],
            [79.4195087616607, 13.6306840416268],
            [79.4194729844579, 13.6305788617286],
            [79.4194488341498, 13.6303693713151],
            [79.4194264732858, 13.6301198948286],
            [79.4194014282556, 13.6297087361144],
            [79.4193584950732, 13.6294053639878],
            [79.4193119839011, 13.6291897875867],
            [79.4192824670575, 13.6289689955645],
            [79.4192475836784, 13.6288516449913],
            [79.419130858387, 13.628664645577],
            [79.4189966914061, 13.628378060337],
            [79.4189519687796, 13.6282408796222],
            [79.4189265482537, 13.6278829887281],
            [79.419525703887, 13.6278003429741],
            [79.4199585085976, 13.6277819710389],
            [79.4213713402489, 13.6277868058507],
            [79.4218538927617, 13.627790674224],
            [79.4222538631504, 13.6279134756155],
            [79.4226269703188, 13.6279850286853],
            [79.4234298970961, 13.6281436073571],
            [79.4236995291236, 13.6282132266107],
            [79.4238706608801, 13.6282016250037],
            [79.4240533898871, 13.6281955365388],
            [79.4240382415964, 13.628385720238],
            [79.424204609587, 13.6285726124913],
            [79.4245024603926, 13.6288968465194],
            [79.424725177006, 13.6288612071895],
            [79.4251965508833, 13.6287681963965],
            [79.4257196093305, 13.628663837159],
            [79.4256616635031, 13.6291419784043],
            [79.4256428797306, 13.6296817886731],
            [79.4256446691746, 13.630162488415],
            [79.4256026298159, 13.6303745867087],
            [79.4255731129723, 13.6305884238569],
            [79.4256117108851, 13.6312654674787]
          ]
        ]
      },
      "properties": {
        "objectid": 5065,
        "id": "4954",
        "name": "Ward No 52",
        "code": "52",
        "town": "Tirupati",
        "district": "Tirupati",
        "state": "Andhra Pradesh",
        "st_area(shape)": 251318.545428091,
        "st_perimeter(shape)": 2181.15508782342
      }
    },
    {
      "type": "Feature",
      "id": 5068,
      "geometry": {
        "type": "Polygon",
        "coordinates": [
          [
            [79.4206003315119, 13.6370376110498],
            [79.4200195904437, 13.6370499045044],
            [79.4196866217988, 13.6370589556713],
            [79.4191731986813, 13.6371404170305],
            [79.4191489046428, 13.6371439901798],
            [79.4191173998274, 13.6367116884793],
            [79.4191085038112, 13.6360546825925],
            [79.4193753708242, 13.6360287485486],
            [79.4195755208594, 13.6359725573828],
            [79.4195251127955, 13.6356109147153],
            [79.4194139184313, 13.63526079855],
            [79.41862073029, 13.6352406270745],
            [79.4184250278137, 13.6351916396969],
            [79.4183197632288, 13.6351512967322],
            [79.4183761019701, 13.6345720908794],
            [79.4183835148678, 13.6343444421021],
            [79.4183627592932, 13.6340202600729],
            [79.4183144784399, 13.6336876164532],
            [79.4183058806644, 13.6335467573649],
            [79.4182739437594, 13.6330656856244],
            [79.4182690299748, 13.6325547691528],
            [79.4182321801835, 13.6323554161144],
            [79.418183046829, 13.6320641455461],
            [79.4181904166076, 13.63183017376],
            [79.4182235815096, 13.6313789415546],
            [79.4182451231101, 13.6311271159843],
            [79.4194906228785, 13.6311396367298],
            [79.419541628322, 13.6311414814052],
            [79.4195686101199, 13.6314601159059],
            [79.4196975848385, 13.6316570820159],
            [79.4198584973604, 13.6319531284479],
            [79.4201510867333, 13.6324425108683],
            [79.4205144283162, 13.6330907539724],
            [79.4206856570908, 13.6334074242039],
            [79.4206234757069, 13.6334057724801],
            [79.4196503190815, 13.6333799219538],
            [79.4196408849744, 13.6337428146852],
            [79.4196448160021, 13.6338306728049],
            [79.4195379012119, 13.6338375485729],
            [79.4195905721319, 13.6342890624265],
            [79.419680191658, 13.6345488158305],
            [79.4198114768435, 13.6348735078385],
            [79.4199899289713, 13.6352600809463],
            [79.4201542317351, 13.6356772135117],
            [79.4203977362625, 13.636219493388],
            [79.4205549638951, 13.636626549056],
            [79.4205856719048, 13.6367900875037],
            [79.4206003315119, 13.6370376110498]
          ]
        ]
      },
      "properties": {
        "objectid": 5068,
        "id": "4957",
        "name": "Ward No 63",
        "code": "63",
        "town": "Tirupati",
        "district": "Tirupati",
        "state": "Andhra Pradesh",
        "st_area(shape)": 108532.146582884,
        "st_perimeter(shape)": 2013.86521912391
      }
    },
    {
      "type": "Feature",
      "id": 5069,
      "geometry": {
        "type": "Polygon",
        "coordinates": [
          [
            [79.4251733186535, 13.6353202924329],
            [79.4251165271612, 13.6354829972005],
            [79.4250552360077, 13.6354670833479],
            [79.4249249587319, 13.6358071492863],
            [79.4248363120814, 13.6360318930745],
            [79.4247754548141, 13.6361220175083],
            [79.4247450899609, 13.6364360114447],
            [79.4246316956226, 13.6364811975538],
            [79.4246592137147, 13.6365600418809],
            [79.424327097571, 13.6367389397928],
            [79.4241885575912, 13.6368145557112],
            [79.4240227986584, 13.6368914697435],
            [79.4239698357858, 13.6367435500624],
            [79.4236127374941, 13.6368210673549],
            [79.4236072703473, 13.6368808428209],
            [79.4232669193474, 13.6369313200439],
            [79.4232505170086, 13.6368649028727],
            [79.4231165638267, 13.6368795150012],
            [79.4227723222233, 13.6369681471701],
            [79.4226669444506, 13.6368934645284],
            [79.4222921691107, 13.6362882250464],
            [79.4221566052495, 13.6360736326796],
            [79.4224333240862, 13.6358916360047],
            [79.422876355218, 13.635644447361],
            [79.4231418945211, 13.6355072708653],
            [79.4232774592806, 13.6354135564345],
            [79.4233137961339, 13.635360587354],
            [79.4233934578349, 13.6352206939255],
            [79.4234577457683, 13.6350169659241],
            [79.4235234314802, 13.6347738506517],
            [79.4235513852552, 13.6346950764412],
            [79.423566756328, 13.6346095102672],
            [79.4235877203117, 13.6345538242308],
            [79.4236589962397, 13.6344356619222],
            [79.423826705415, 13.6341273529312],
            [79.4239189453267, 13.6339494299305],
            [79.4240041972438, 13.6338068197551],
            [79.4240754731717, 13.6336655670135],
            [79.4241984597206, 13.6335677775446],
            [79.4243801448851, 13.6335446883464],
            [79.4246163344312, 13.6335270318479],
            [79.4248737951849, 13.6335045293042],
            [79.425008700581, 13.6335003327751],
            [79.4250211359595, 13.6336332833545],
            [79.425220127168, 13.6336982487574],
            [79.4253507143625, 13.6338160910429],
            [79.4254875205937, 13.6340185393863],
            [79.4255357134121, 13.6341832171604],
            [79.4255123940456, 13.634373578497],
            [79.4254626462435, 13.6346802712447],
            [79.4253942431279, 13.6348796973991],
            [79.4253833609366, 13.6350579715172],
            [79.4252963025074, 13.6350625041229],
            [79.4251733186535, 13.6353202924329]
          ]
        ]
      },
      "properties": {
        "objectid": 5069,
        "id": "4958",
        "name": "Ward No 20",
        "code": "20",
        "town": "Tirupati",
        "district": "Tirupati",
        "state": "Andhra Pradesh",
        "st_area(shape)": 81615.5943676684,
        "st_perimeter(shape)": 1263.51117986992
      }
    },
    {
      "type": "Feature",
      "id": 5071,
      "geometry": {
        "type": "Polygon",
        "coordinates": [
          [
            [79.4226669444506, 13.6368934645284],
            [79.4225373094702, 13.6369521077068],
            [79.4220500650568, 13.6369868606033],
            [79.4211225132034, 13.6370303023716],
            [79.4206003315119, 13.6370376110498],
            [79.4205856719048, 13.6367900875037],
            [79.4205549638951, 13.636626549056],
            [79.4203977362625, 13.636219493388],
            [79.4201542317351, 13.6356772135117],
            [79.4199899289713, 13.6352600809463],
            [79.4198114768435, 13.6348735078385],
            [79.419680191658, 13.6345488158305],
            [79.4195905721319, 13.6342890624265],
            [79.4195379012119, 13.6338375485729],
            [79.4196448160021, 13.6338306728049],
            [79.4196408849744, 13.6337428146852],
            [79.4196503190815, 13.6333799219538],
            [79.4206234757069, 13.6334057724801],
            [79.4208638496056, 13.6337796554035],
            [79.4212593625538, 13.6344492440607],
            [79.4214424445986, 13.6348254614775],
            [79.421772271835, 13.6347820000977],
            [79.4222488451612, 13.6347398962237],
            [79.422194338983, 13.6344818401422],
            [79.422183158551, 13.6342781115036],
            [79.4222180985239, 13.6341558747598],
            [79.422297760225, 13.6339643696151],
            [79.4223243135265, 13.6339127586011],
            [79.4224179512168, 13.6338475654036],
            [79.4225241671176, 13.6338108940584],
            [79.4226695145306, 13.6338136099695],
            [79.4227352002425, 13.6338448486198],
            [79.4228959214233, 13.6340540103219],
            [79.4229965462098, 13.6341898292717],
            [79.4230244981882, 13.6342781115036],
            [79.4231111478838, 13.6346054351047],
            [79.4235513852552, 13.6346950764412],
            [79.4235234314802, 13.6347738506517],
            [79.4234577457683, 13.6350169659241],
            [79.4233934578349, 13.6352206939255],
            [79.4233137961339, 13.635360587354],
            [79.4232774592806, 13.6354135564345],
            [79.4231418945211, 13.6355072708653],
            [79.422876355218, 13.635644447361],
            [79.4224333240862, 13.6358916360047],
            [79.4221566052495, 13.6360736326796],
            [79.4222921691107, 13.6362882250464],
            [79.4226669444506, 13.6368934645284]
          ]
        ]
      },
      "properties": {
        "objectid": 5071,
        "id": "4959",
        "name": "Ward No 53",
        "code": "53",
        "town": "Tirupati",
        "district": "Tirupati",
        "state": "Andhra Pradesh",
        "st_area(shape)": 107285.370661725,
        "st_perimeter(shape)": 1709.46315526897
      }
    },
    {
      "type": "Feature",
      "id": 5072,
      "geometry": {
        "type": "Polygon",
        "coordinates": [
          [
            [79.4214577923152, 13.6312029886187],
            [79.4214242025101, 13.6313278110053],
            [79.4214775318953, 13.631568111745],
            [79.4215375465428, 13.6317990151602],
            [79.4216251313847, 13.6319503339446],
            [79.4218798855144, 13.6320167140853],
            [79.422240459388, 13.6320764750529],
            [79.4224221436542, 13.6321090723348],
            [79.4223941925741, 13.6328275601935],
            [79.4223983850116, 13.6334305998429],
            [79.4219581494369, 13.6334496147428],
            [79.4217806576081, 13.6334754198653],
            [79.4215933831259, 13.633531106156],
            [79.4214228783934, 13.6335609864501],
            [79.4213446144709, 13.6335745686389],
            [79.4213278438229, 13.6334754198653],
            [79.4208400909629, 13.6334360325469],
            [79.4206856570908, 13.6334074242039],
            [79.4205144283162, 13.6330907539724],
            [79.4201510867333, 13.6324425108683],
            [79.4198584973604, 13.6319531284479],
            [79.4196975848385, 13.6316570820159],
            [79.4195686101199, 13.6314601159059],
            [79.419541628322, 13.6311414814052],
            [79.4204244252096, 13.6311734319139],
            [79.4212835236417, 13.6311972145156],
            [79.4214577923152, 13.6312029886187]
          ]
        ]
      },
      "properties": {
        "objectid": 5072,
        "id": "4960",
        "name": "Ward No 51",
        "code": "51",
        "town": "Tirupati",
        "district": "Tirupati",
        "state": "Andhra Pradesh",
        "st_area(shape)": 58100.299265883,
        "st_perimeter(shape)": 1040.15747117013
      }
    },
    {
      "type": "Feature",
      "id": 5073,
      "geometry": {
        "type": "Polygon",
        "coordinates": [
          [
            [79.4148677954084, 13.6302410441368],
            [79.4144585211683, 13.6302433873112],
            [79.4143208103336, 13.6302562206432],
            [79.4139329761844, 13.6302260710421],
            [79.4133804143683, 13.630201705168],
            [79.4133627247437, 13.6303080341226],
            [79.4130164601343, 13.6303006693632],
            [79.4129763782046, 13.6306383044097],
            [79.4125912093569, 13.6305065603974],
            [79.4122995209942, 13.6303842195595],
            [79.4121920564351, 13.6303812355932],
            [79.4119740577735, 13.6302797815912],
            [79.4116562706569, 13.6302394988988],
            [79.4115461174402, 13.6302009246918],
            [79.4116306974174, 13.6296753719916],
            [79.4116801658435, 13.6294583920228],
            [79.4115699326767, 13.6294435349901],
            [79.4115694224336, 13.6292840501235],
            [79.4116414089289, 13.629286828071],
            [79.4116528938898, 13.6291746869646],
            [79.4116769471798, 13.6289720092313],
            [79.4117397079772, 13.6286435830561],
            [79.4118048825477, 13.628380059559],
            [79.4117960314472, 13.6278264245894],
            [79.4118418410351, 13.6274255400227],
            [79.4118527582607, 13.6274455820846],
            [79.4125453809043, 13.6277155390731],
            [79.4129723564471, 13.6278605371554],
            [79.4133556639856, 13.6279689912312],
            [79.4138384383822, 13.6280644782344],
            [79.4140397939565, 13.6281175257768],
            [79.4141269170643, 13.6281479803321],
            [79.4140636900414, 13.6284210130497],
            [79.4140104522844, 13.6286546704316],
            [79.4139394692072, 13.6288883284555],
            [79.4138965360249, 13.6290830425714],
            [79.4140791464542, 13.6291292174725],
            [79.4140934575149, 13.6291030705245],
            [79.4141959247461, 13.6291286613588],
            [79.4141993239712, 13.6290715684681],
            [79.4145562084639, 13.6290428827709],
            [79.4147467258643, 13.6290289746851],
            [79.4147704288113, 13.6295325479659],
            [79.4148067656646, 13.6298666693428],
            [79.4148677954084, 13.6302410441368]
          ]
        ]
      },
      "properties": {
        "objectid": 5073,
        "id": "4961",
        "name": "Ward No 49",
        "code": "49",
        "town": "Tirupati",
        "district": "Tirupati",
        "state": "Andhra Pradesh",
        "st_area(shape)": 86780.9781865808,
        "st_perimeter(shape)": 1386.8720780285
      }
    },
    {
      "type": "Feature",
      "id": 5074,
      "geometry": {
        "type": "Polygon",
        "coordinates": [
          [
            [79.4189265482537, 13.6278829887281],
            [79.4189519687796, 13.6282408796222],
            [79.4189966914061, 13.628378060337],
            [79.419130858387, 13.628664645577],
            [79.4192475836784, 13.6288516449913],
            [79.4192824670575, 13.6289689955645],
            [79.4193119839011, 13.6291897875867],
            [79.4193584950732, 13.6294053639878],
            [79.4194014282556, 13.6297087361144],
            [79.4194264732858, 13.6301198948286],
            [79.4194488341498, 13.6303693713151],
            [79.4194729844579, 13.6305788617286],
            [79.4195087616607, 13.6306840416268],
            [79.4195096563828, 13.6307509747411],
            [79.4194837175289, 13.6308448542751],
            [79.4194906228785, 13.6311396367298],
            [79.4182451231101, 13.6311271159843],
            [79.417556040727, 13.6311196072033],
            [79.4169854551131, 13.6311221110034],
            [79.4166518621391, 13.6311133485762],
            [79.4158734701487, 13.6311227413184],
            [79.4156554732838, 13.6311018536192],
            [79.4151611384678, 13.6310541111726],
            [79.4149062945065, 13.6310421753412],
            [79.4148986184024, 13.6308183810098],
            [79.4148677954084, 13.6302410441368],
            [79.4148067656646, 13.6298666693428],
            [79.4147704288113, 13.6295325479659],
            [79.4147467258643, 13.6290289746851],
            [79.4145562084639, 13.6290428827709],
            [79.4141993239712, 13.6290715684681],
            [79.4141959247461, 13.6291286613588],
            [79.4140934575149, 13.6291030705245],
            [79.4140791464542, 13.6291292174725],
            [79.4138965360249, 13.6290830425714],
            [79.4139394692072, 13.6288883284555],
            [79.4140104522844, 13.6286546704316],
            [79.4140636900414, 13.6284210130497],
            [79.4141269170643, 13.6281479803321],
            [79.4143239616236, 13.6281953793946],
            [79.4146991906127, 13.6282083918075],
            [79.4150583685043, 13.6282267637096],
            [79.4154503798196, 13.6282470693566],
            [79.4155797219491, 13.6280662539649],
            [79.4157747336209, 13.6280797893262],
            [79.4160861543771, 13.6281029960437],
            [79.4168552523975, 13.6280730207726],
            [79.4177706078242, 13.6280063016637],
            [79.4182899732973, 13.6279608555185],
            [79.4189265482537, 13.6278829887281]
          ]
        ]
      },
      "properties": {
        "objectid": 5074,
        "id": "4962",
        "name": "Ward No 50",
        "code": "50",
        "town": "Tirupati",
        "district": "Tirupati",
        "state": "Andhra Pradesh",
        "st_area(shape)": 183716.832967007,
        "st_perimeter(shape)": 1887.33614257979
      }
    },
    {
      "type": "Feature",
      "id": 5075,
      "geometry": {
        "type": "Polygon",
        "coordinates": [
          [
            [79.4280565648641, 13.6319918769708],
            [79.4272255774122, 13.6319880077934],
            [79.4261482305869, 13.6319895180995],
            [79.4255512596564, 13.6319925404579],
            [79.4255497046727, 13.632330963159],
            [79.4255450406197, 13.6331271626548],
            [79.4255730240391, 13.6338311992254],
            [79.4254750834186, 13.6338311992254],
            [79.4253989071809, 13.6336468812532],
            [79.4253196218739, 13.6336015566673],
            [79.4250755478146, 13.6335154401049],
            [79.425008700581, 13.6335003327751],
            [79.4248737951849, 13.6335045293042],
            [79.4248648111337, 13.6332970441573],
            [79.4249553244835, 13.6332916725604],
            [79.424808277458, 13.6319828343398],
            [79.4239718291475, 13.6319303324232],
            [79.4234727278706, 13.6318775258144],
            [79.4231344699453, 13.6318492734707],
            [79.4232302797619, 13.6315854575981],
            [79.4233318073553, 13.6314299498713],
            [79.423315033114, 13.6312094314491],
            [79.4238298360438, 13.6312421030567],
            [79.4242716930775, 13.6312707884869],
            [79.4247350162533, 13.631290780461],
            [79.4253584461621, 13.6312751343407],
            [79.4256117108851, 13.6312654674787],
            [79.4255731129723, 13.6305884238569],
            [79.4256026298159, 13.6303745867087],
            [79.4256446691746, 13.630162488415],
            [79.4256428797306, 13.6296817886731],
            [79.4256616635031, 13.6291419784043],
            [79.4257196093305, 13.628663837159],
            [79.4251965508833, 13.6287681963965],
            [79.424725177006, 13.6288612071895],
            [79.4245024603926, 13.6288968465194],
            [79.424204609587, 13.6285726124913],
            [79.4240382415964, 13.628385720238],
            [79.4240533898871, 13.6281955365388],
            [79.4250345451117, 13.6281844910469],
            [79.4259955870572, 13.6281793917171],
            [79.4267922292208, 13.6281759921639],
            [79.4282237359486, 13.628158144945],
            [79.4291865278122, 13.628158144945],
            [79.429380294419, 13.6281548615035],
            [79.4293287472914, 13.628232188676],
            [79.429045274022, 13.6286574492596],
            [79.42865002967, 13.6291933425229],
            [79.4284993121283, 13.6294185299855],
            [79.4284746318142, 13.629673192939],
            [79.4284349873641, 13.6299008593127],
            [79.4282956308157, 13.6302464446125],
            [79.4281586763624, 13.6305967000345],
            [79.4281310459809, 13.6309773096044],
            [79.4280914015308, 13.6314559891814],
            [79.4280565648641, 13.6319918769708]
          ]
        ]
      },
      "properties": {
        "objectid": 5075,
        "id": "4963",
        "name": "Ward No 23",
        "code": "23",
        "town": "Tirupati",
        "district": "Tirupati",
        "state": "Andhra Pradesh",
        "st_area(shape)": 183772.090653358,
        "st_perimeter(shape)": 2897.74279921903
      }
    },
    {
      "type": "Feature",
      "id": 5078,
      "geometry": {
        "type": "Polygon",
        "coordinates": [
          [
            [79.4155797219491, 13.6280662539649],
            [79.4154503798196, 13.6282470693566],
            [79.4150583685043, 13.6282267637096],
            [79.4146991906127, 13.6282083918075],
            [79.4143239616236, 13.6281953793946],
            [79.4141269170643, 13.6281479803321],
            [79.4140397939565, 13.6281175257768],
            [79.4140592038548, 13.6276660271931],
            [79.4140593969926, 13.6272070406672],
            [79.4140384896027, 13.6265942019684],
            [79.4140422221027, 13.6260356712209],
            [79.4140106840497, 13.6256572572268],
            [79.4139888504967, 13.6250819724728],
            [79.4139827850719, 13.6250242081136],
            [79.4129177424711, 13.6250911559264],
            [79.4129134107948, 13.6243804285479],
            [79.4125779259688, 13.6243688267528],
            [79.4125881101691, 13.623932794754],
            [79.4127261174479, 13.6233360700208],
            [79.4127467382753, 13.6230189532644],
            [79.4123537262368, 13.6229317162238],
            [79.4117217542479, 13.6227666744072],
            [79.4112777960547, 13.6226605751627],
            [79.411176546939, 13.6229081973223],
            [79.4107039989636, 13.6227677115828],
            [79.4107541042952, 13.6225737457014],
            [79.4104541693983, 13.6224460201834],
            [79.4096898333472, 13.6225115570136],
            [79.409745535183, 13.6222898621357],
            [79.4098216790814, 13.62177448467],
            [79.410026485983, 13.6218089962187],
            [79.4103182956183, 13.6218562638492],
            [79.4112752619073, 13.622156547226],
            [79.4119375565286, 13.6223525659784],
            [79.4129102568098, 13.6225944612917],
            [79.4130404271861, 13.6226292163],
            [79.4139773664341, 13.6225527551004],
            [79.4156810222688, 13.6225374628575],
            [79.4170438905223, 13.6225223373652],
            [79.4177250084421, 13.622512548792],
            [79.4177330977712, 13.6225474985012],
            [79.4177209857862, 13.6231055381103],
            [79.4176223732259, 13.6235671272768],
            [79.4174903523202, 13.6239653355386],
            [79.4173094594698, 13.6243792516934],
            [79.4171188082204, 13.6248634482518],
            [79.416960988598, 13.6251982388629],
            [79.4169316451292, 13.6252604897023],
            [79.4166431323111, 13.6258524297275],
            [79.4162667939026, 13.6265878332197],
            [79.4158936301403, 13.6272461138613],
            [79.4156541419805, 13.6277683256594],
            [79.4155797219491, 13.6280662539649]
          ]
        ]
      },
      "properties": {
        "objectid": 5078,
        "id": "4964",
        "name": "Ward No 36",
        "code": "36",
        "town": "Tirupati",
        "district": "Tirupati",
        "state": "Andhra Pradesh",
        "st_area(shape)": 262243.532174129,
        "st_perimeter(shape)": 2997.41493812885
      }
    },
    {
      "type": "Feature",
      "id": 5079,
      "geometry": {
        "type": "Polygon",
        "coordinates": [
          [
            [79.4238706608801, 13.6282016250037],
            [79.4236995291236, 13.6282132266107],
            [79.4234298970961, 13.6281436073571],
            [79.4226269703188, 13.6279850286853],
            [79.4222538631504, 13.6279134756155],
            [79.4218538927617, 13.627790674224],
            [79.4213713402489, 13.6277868058507],
            [79.4199585085976, 13.6277819710389],
            [79.419525703887, 13.6278003429741],
            [79.4189265482537, 13.6278829887281],
            [79.4182899732973, 13.6279608555185],
            [79.4177706078242, 13.6280063016637],
            [79.4168552523975, 13.6280730207726],
            [79.4160861543771, 13.6281029960437],
            [79.4157747336209, 13.6280797893262],
            [79.4155797219491, 13.6280662539649],
            [79.4156541419805, 13.6277683256594],
            [79.4158936301403, 13.6272461138613],
            [79.4162667939026, 13.6265878332197],
            [79.4166431323111, 13.6258524297275],
            [79.4169316451292, 13.6252604897023],
            [79.416960988598, 13.6251982388629],
            [79.4180575315226, 13.6252214284025],
            [79.4180687829215, 13.6257736158753],
            [79.418867607093, 13.6257389905382],
            [79.4188488547615, 13.6261654307074],
            [79.4192561536062, 13.6261502181441],
            [79.4197898418182, 13.6261410548113],
            [79.419799904746, 13.6259259093293],
            [79.4201842929577, 13.6259865413768],
            [79.4205163569991, 13.6259963210757],
            [79.4207196196968, 13.6259239537382],
            [79.4215829851265, 13.6259845857861],
            [79.4225228250346, 13.6260902024986],
            [79.4233942402675, 13.626191907113],
            [79.4236397660044, 13.6262290685378],
            [79.4237806416038, 13.6262232008989],
            [79.4238128417152, 13.6269468679957],
            [79.4238706608801, 13.6282016250037]
          ]
        ]
      },
      "properties": {
        "objectid": 5079,
        "id": "4965",
        "name": "Ward No 34",
        "code": "34",
        "town": "Tirupati",
        "district": "Tirupati",
        "state": "Andhra Pradesh",
        "st_area(shape)": 203975.975933194,
        "st_perimeter(shape)": 2421.21963163079
      }
    },
    {
      "type": "Feature",
      "id": 5080,
      "geometry": {
        "type": "Polygon",
        "coordinates": [
          [
            [79.4192561536062, 13.6261502181441],
            [79.4188488547615, 13.6261654307074],
            [79.418867607093, 13.6257389905382],
            [79.4180687829215, 13.6257736158753],
            [79.4180575315226, 13.6252214284025],
            [79.416960988598, 13.6251982388629],
            [79.4171188082204, 13.6248634482518],
            [79.4173094594698, 13.6243792516934],
            [79.4174903523202, 13.6239653355386],
            [79.4176223732259, 13.6235671272768],
            [79.4177209857862, 13.6231055381103],
            [79.4177330977712, 13.6225474985012],
            [79.4185141613512, 13.6225468899893],
            [79.4198398528267, 13.6225888083313],
            [79.4198705832942, 13.6231585038267],
            [79.4198977932642, 13.6234223771236],
            [79.419924082461, 13.6237810552692],
            [79.4199231446198, 13.6241775598731],
            [79.4198319593303, 13.6244592629444],
            [79.4198349821612, 13.6245275772199],
            [79.4199529282631, 13.624515808682],
            [79.4199578447426, 13.6246442498447],
            [79.4199005295325, 13.6246839337148],
            [79.4196711043005, 13.6248638734202],
            [79.4195000408159, 13.6249890492421],
            [79.4192355794912, 13.6250018086514],
            [79.4192561536062, 13.6261502181441]
          ]
        ]
      },
      "properties": {
        "objectid": 5080,
        "id": "4966",
        "name": "Ward No 33",
        "code": "33",
        "town": "Tirupati",
        "district": "Tirupati",
        "state": "Andhra Pradesh",
        "st_area(shape)": 89927.9040870059,
        "st_perimeter(shape)": 1399.59394397864
      }
    },
    {
      "type": "Feature",
      "id": 5081,
      "geometry": {
        "type": "Polygon",
        "coordinates": [
          [
            [79.4223308460752, 13.6181285866235],
            [79.4223111029019, 13.6189050618242],
            [79.422329332414, 13.6198321040795],
            [79.4216517134322, 13.6197724116064],
            [79.4212482584786, 13.6197585719465],
            [79.4200687444594, 13.6197424265485],
            [79.4192547136068, 13.6196916828644],
            [79.4184644153457, 13.6196432457806],
            [79.4175922625959, 13.6195942219939],
            [79.4175821942782, 13.619412714635],
            [79.4174888153027, 13.6190852896711],
            [79.4173386753777, 13.618518523952],
            [79.4171830440514, 13.6179588740695],
            [79.4171431543612, 13.6178239424271],
            [79.4170062591967, 13.6174943954669],
            [79.4168934290004, 13.6172002656364],
            [79.41690713819, 13.6169348304675],
            [79.4169240094493, 13.6166365991499],
            [79.4169493176858, 13.6162635543201],
            [79.4169682981894, 13.6158515647917],
            [79.4169693528116, 13.615690663368],
            [79.4169282279379, 13.615597401188],
            [79.4168638393933, 13.6154221751237],
            [79.416907668196, 13.6154157021786],
            [79.4174041077647, 13.6154184698123],
            [79.4175806491759, 13.6154586991536],
            [79.4178393388249, 13.6155048775886],
            [79.4183419354466, 13.6157265377929],
            [79.4189068284366, 13.615976930475],
            [79.4189511746689, 13.6164448772595],
            [79.4190134719355, 13.6170523851417],
            [79.4190388125114, 13.6172514673405],
            [79.4194242068363, 13.6174987799887],
            [79.4198939008641, 13.6175338456832],
            [79.4204355643191, 13.6175533429195],
            [79.4208260305321, 13.6175790493752],
            [79.420819385694, 13.6173345786326],
            [79.421538068464, 13.6172802007408],
            [79.4223613627437, 13.617305024559],
            [79.4223308460752, 13.6181285866235]
          ]
        ]
      },
      "properties": {
        "objectid": 5081,
        "id": "4967",
        "name": "Ward No 30",
        "code": "30",
        "town": "Tirupati",
        "district": "Tirupati",
        "state": "Andhra Pradesh",
        "st_area(shape)": 193453.084418263,
        "st_perimeter(shape)": 2104.39960392666
      }
    },
    {
      "type": "Feature",
      "id": 5082,
      "geometry": {
        "type": "Polygon",
        "coordinates": [
          [
            [79.4222676504933, 13.6208093658174],
            [79.4222017419992, 13.6210632348405],
            [79.4221850342333, 13.6213466597823],
            [79.4221744026719, 13.6222397406066],
            [79.4221683246707, 13.6227711592312],
            [79.4212433222361, 13.6226648757765],
            [79.4212190192144, 13.622638304687],
            [79.4207056347245, 13.6226235432604],
            [79.4198398528267, 13.6225888083313],
            [79.4185141613512, 13.6225468899893],
            [79.4177330977712, 13.6225474985012],
            [79.4177250084421, 13.622512548792],
            [79.4176664185226, 13.6221139521969],
            [79.4176288842151, 13.621683321949],
            [79.4175867720929, 13.6210578393932],
            [79.4175501522703, 13.6202250462661],
            [79.4175922625959, 13.6195942219939],
            [79.4184644153457, 13.6196432457806],
            [79.4192547136068, 13.6196916828644],
            [79.4200687444594, 13.6197424265485],
            [79.4212482584786, 13.6197585719465],
            [79.4216517134322, 13.6197724116064],
            [79.422329332414, 13.6198321040795],
            [79.4223399612804, 13.620148006328],
            [79.4223111029019, 13.6205096700396],
            [79.4222676504933, 13.6208093658174]
          ]
        ]
      },
      "properties": {
        "objectid": 5082,
        "id": "4968",
        "name": "Ward No 31",
        "code": "31",
        "town": "Tirupati",
        "district": "Tirupati",
        "state": "Andhra Pradesh",
        "st_area(shape)": 170789.603192514,
        "st_perimeter(shape)": 1701.70227530067
      }
    },
    {
      "type": "Feature",
      "id": 5083,
      "geometry": {
        "type": "Polygon",
        "coordinates": [
          [
            [79.4330579280219, 13.6187589424808],
            [79.4326240327565, 13.6192624171576],
            [79.4321125068809, 13.6189925151225],
            [79.4315549441436, 13.6187438612727],
            [79.4313612745549, 13.6187161233367],
            [79.4310432502831, 13.6186606465818],
            [79.4304459335012, 13.6186239929606],
            [79.4298893903518, 13.6185843665683],
            [79.4290362270887, 13.6185239369184],
            [79.4286550045401, 13.6185120467265],
            [79.4286468505322, 13.6184238808339],
            [79.4282493190696, 13.6184050585444],
            [79.4273268426975, 13.6183565164299],
            [79.4263625749019, 13.6183079743055],
            [79.4251903677792, 13.6182574511977],
            [79.4243259917449, 13.6182168338207],
            [79.4232516381061, 13.6181643297195],
            [79.4223308460752, 13.6181285866235],
            [79.4223613627437, 13.617305024559],
            [79.4224235602974, 13.6173069025188],
            [79.4224259902403, 13.6171150895],
            [79.4229332886441, 13.6171353114141],
            [79.4233506019077, 13.6171392960792],
            [79.4233518927867, 13.6170956419923],
            [79.4239972011643, 13.6171042084996],
            [79.4244331014695, 13.6171006071092],
            [79.4244463390435, 13.6166122336213],
            [79.4254539783994, 13.6166376101604],
            [79.4255063160444, 13.6158936353614],
            [79.4256701031752, 13.6159096500618],
            [79.4256736748768, 13.6155531601135],
            [79.4262099816778, 13.6155642306415],
            [79.4271696384212, 13.6156278861673],
            [79.4282906622339, 13.6158206965639],
            [79.4291281669632, 13.6159815647225],
            [79.4290528827524, 13.6164148114576],
            [79.4295882400342, 13.6165172125756],
            [79.4295581644385, 13.6166925775193],
            [79.430421540648, 13.6171426905527],
            [79.4309049330855, 13.6174649802304],
            [79.4310319683414, 13.6175595818252],
            [79.4317149870963, 13.6175996676201],
            [79.431559905539, 13.6177936821077],
            [79.4318964656483, 13.6180839016345],
            [79.4324244037442, 13.6185152220425],
            [79.4324953446005, 13.6185328604552],
            [79.4327098191712, 13.6185953933015],
            [79.4327428160882, 13.6186210481335],
            [79.4328022091016, 13.6187108395873],
            [79.4330579280219, 13.6187589424808]
          ]
        ]
      },
      "properties": {
        "objectid": 5083,
        "id": "4969",
        "name": "Ward No 29",
        "code": "29",
        "town": "Tirupati",
        "district": "Tirupati",
        "state": "Andhra Pradesh",
        "st_area(shape)": 232550.822905305,
        "st_perimeter(shape)": 2933.22470930045
      }
    },
    {
      "type": "Feature",
      "id": 5085,
      "geometry": {
        "type": "Polygon",
        "coordinates": [
          [
            [79.4287024742146, 13.6225434274959],
            [79.4282036837548, 13.6226183783324],
            [79.4274237790015, 13.6227175054697],
            [79.4268366742678, 13.622794873708],
            [79.4265306829292, 13.622791247086],
            [79.4256404839237, 13.6227829750003],
            [79.4257291081163, 13.6226218582856],
            [79.4257345743649, 13.6224157351372],
            [79.4258056346971, 13.6223286113698],
            [79.4258067279468, 13.622142676276],
            [79.4257256028901, 13.6221264140527],
            [79.4257170715899, 13.6219758371792],
            [79.4257659040087, 13.6219666972569],
            [79.4256776885495, 13.6216416051204],
            [79.4258357597002, 13.6216342069152],
            [79.4258151613307, 13.6213687374359],
            [79.4259716990571, 13.621368290435],
            [79.4259707145036, 13.6210249341466],
            [79.425970097361, 13.6207333484123],
            [79.4260498039779, 13.6207316075487],
            [79.4260439828948, 13.6202855287375],
            [79.4258859126425, 13.6202898809046],
            [79.425885771607, 13.6200883820328],
            [79.425840181208, 13.6201102528902],
            [79.4253786196285, 13.6201106693366],
            [79.4253591450514, 13.6196456091404],
            [79.4258909180552, 13.6197520502291],
            [79.4259142823375, 13.619831081733],
            [79.4268713339664, 13.61989953005],
            [79.4268475825103, 13.6203855709386],
            [79.4284745716271, 13.620633079365],
            [79.4285299922902, 13.6200675282805],
            [79.4285986083065, 13.6191557191698],
            [79.4286550045401, 13.6185120467265],
            [79.4290362270887, 13.6185239369184],
            [79.4298893903518, 13.6185843665683],
            [79.4304459335012, 13.6186239929606],
            [79.4310432502831, 13.6186606465818],
            [79.4313612745549, 13.6187161233367],
            [79.4315549441436, 13.6187438612727],
            [79.4321125068809, 13.6189925151225],
            [79.4326240327565, 13.6192624171576],
            [79.4320333976437, 13.6200224324497],
            [79.4314922641947, 13.6207327425149],
            [79.4311507525714, 13.6211832992252],
            [79.4306822092855, 13.6218070213865],
            [79.4301040796198, 13.6225199644307],
            [79.430090597704, 13.6225361925781],
            [79.4289500040928, 13.6225228769065],
            [79.4287024742146, 13.6225434274959]
          ]
        ]
      },
      "properties": {
        "objectid": 5085,
        "id": "4971",
        "name": "Ward No 26",
        "code": "26",
        "town": "Tirupati",
        "district": "Tirupati",
        "state": "Andhra Pradesh",
        "st_area(shape)": 232575.94600326,
        "st_perimeter(shape)": 2581.92330185364
      }
    },
    {
      "type": "Feature",
      "id": 5086,
      "geometry": {
        "type": "Polygon",
        "coordinates": [
          [
            [79.4253786196285, 13.6201106693366],
            [79.425840181208, 13.6201102528902],
            [79.425885771607, 13.6200883820328],
            [79.4258859126425, 13.6202898809046],
            [79.4260439828948, 13.6202855287375],
            [79.4260498039779, 13.6207316075487],
            [79.425970097361, 13.6207333484123],
            [79.4259707145036, 13.6210249341466],
            [79.4259716990571, 13.621368290435],
            [79.4258151613307, 13.6213687374359],
            [79.4258357597002, 13.6216342069152],
            [79.4256776885495, 13.6216416051204],
            [79.4257659040087, 13.6219666972569],
            [79.4257170715899, 13.6219758371792],
            [79.4257256028901, 13.6221264140527],
            [79.4258067279468, 13.622142676276],
            [79.4258056346971, 13.6223286113698],
            [79.4257345743649, 13.6224157351372],
            [79.4257291081163, 13.6226218582856],
            [79.4256404839237, 13.6227829750003],
            [79.4256201730151, 13.6227827846769],
            [79.4244310362426, 13.6227610240701],
            [79.4243672280096, 13.6227597040284],
            [79.4237879565852, 13.6227477276182],
            [79.4228712276344, 13.6227646515656],
            [79.4221683246707, 13.6227711592312],
            [79.4221744026719, 13.6222397406066],
            [79.4221850342333, 13.6213466597823],
            [79.4222017419992, 13.6210632348405],
            [79.4222676504933, 13.6208093658174],
            [79.4227362934922, 13.6208965722113],
            [79.4231543640355, 13.6210445061774],
            [79.4232774961115, 13.6204406125089],
            [79.4233138105069, 13.6201853581553],
            [79.4235386282798, 13.6202002070394],
            [79.4234471995468, 13.6208365561052],
            [79.4242756995637, 13.6210783377269],
            [79.4242951229367, 13.6215371370977],
            [79.4245256728595, 13.6215363164326],
            [79.4246729857863, 13.6214294649413],
            [79.4248668125802, 13.6214318343946],
            [79.4248544724231, 13.6207489402283],
            [79.4252992382018, 13.620754960787],
            [79.4252848813269, 13.6201155942298],
            [79.4253786196285, 13.6201106693366]
          ]
        ]
      },
      "properties": {
        "objectid": 5086,
        "id": "4972",
        "name": "Ward No 27",
        "code": "27",
        "town": "Tirupati",
        "district": "Tirupati",
        "state": "Andhra Pradesh",
        "st_area(shape)": 91134.7307219034,
        "st_perimeter(shape)": 1786.739445006
      }
    },
    {
      "type": "Feature",
      "id": 5087,
      "geometry": {
        "type": "Polygon",
        "coordinates": [
          [
            [79.4242774342105, 13.6256012189943],
            [79.4242498846774, 13.6259944056446],
            [79.4239186237298, 13.6259988930265],
            [79.4239540047756, 13.6253235655426],
            [79.4239073022623, 13.6245863422005],
            [79.4230907058213, 13.6246166007776],
            [79.422664717527, 13.6245161954374],
            [79.4222288226118, 13.6244831859077],
            [79.4217474630618, 13.624505020564],
            [79.4213206779618, 13.6245329586194],
            [79.4208629351206, 13.6246146242227],
            [79.4204074039316, 13.624586686177],
            [79.4199578447426, 13.6246442498447],
            [79.4199529282631, 13.624515808682],
            [79.4198349821612, 13.6245275772199],
            [79.4198319593303, 13.6244592629444],
            [79.4199231446198, 13.6241775598731],
            [79.419924082461, 13.6237810552692],
            [79.4198977932642, 13.6234223771236],
            [79.4198705832942, 13.6231585038267],
            [79.4198398528267, 13.6225888083313],
            [79.4207056347245, 13.6226235432604],
            [79.4212190192144, 13.622638304687],
            [79.4212433222361, 13.6226648757765],
            [79.4221683246707, 13.6227711592312],
            [79.4228712276344, 13.6227646515656],
            [79.4237879565852, 13.6227477276182],
            [79.4243672280096, 13.6227597040284],
            [79.424350273207, 13.6234901303336],
            [79.4243064003868, 13.6244955647001],
            [79.4243049855403, 13.6252080308169],
            [79.4242774342105, 13.6256012189943]
          ]
        ]
      },
      "properties": {
        "objectid": 5087,
        "id": "4973",
        "name": "Ward No 32",
        "code": "32",
        "town": "Tirupati",
        "district": "Tirupati",
        "state": "Andhra Pradesh",
        "st_area(shape)": 111862.250837413,
        "st_perimeter(shape)": 1770.68818256392
      }
    },
    {
      "type": "Feature",
      "id": 5088,
      "geometry": {
        "type": "Polygon",
        "coordinates": [
          [
            [79.4280153923797, 13.6252267172446],
            [79.4275759536107, 13.6250228566552],
            [79.4272394150608, 13.6250040776698],
            [79.4272281430007, 13.6256926403682],
            [79.4270381358433, 13.6257020298338],
            [79.4270719502273, 13.6259085988551],
            [79.4253618831164, 13.6258992093978],
            [79.4253554421958, 13.6256629074946],
            [79.4242774342105, 13.6256012189943],
            [79.4243049855403, 13.6252080308169],
            [79.4243064003868, 13.6244955647001],
            [79.424350273207, 13.6234901303336],
            [79.4243672280096, 13.6227597040284],
            [79.4244310362426, 13.6227610240701],
            [79.4256201730151, 13.6227827846769],
            [79.4256404839237, 13.6227829750003],
            [79.4265306829292, 13.622791247086],
            [79.4268366742678, 13.622794873708],
            [79.4274237790015, 13.6227175054697],
            [79.4282036837548, 13.6226183783324],
            [79.4287024742146, 13.6225434274959],
            [79.4289500040928, 13.6225228769065],
            [79.430090597704, 13.6225361925781],
            [79.4293447067607, 13.623433827056],
            [79.4287073933891, 13.6242618106645],
            [79.4285434068323, 13.6246382503379],
            [79.4283124347014, 13.6250294742611],
            [79.4281481094797, 13.6251132052931],
            [79.4280153923797, 13.6252267172446]
          ]
        ]
      },
      "properties": {
        "objectid": 5088,
        "id": "4974",
        "name": "Ward No 24",
        "code": "24",
        "town": "Tirupati",
        "district": "Tirupati",
        "state": "Andhra Pradesh",
        "st_area(shape)": 170708.264793049,
        "st_perimeter(shape)": 1907.7864099787
      }
    },
    {
      "type": "Feature",
      "id": 5089,
      "geometry": {
        "type": "Polygon",
        "coordinates": [
          [
            [79.4419698264947, 13.6303685585378],
            [79.4412446974143, 13.6302964535708],
            [79.4406725514266, 13.6301754588149],
            [79.4397129126497, 13.6300136792815],
            [79.4393039869559, 13.6307390031008],
            [79.4387123250688, 13.6305234802973],
            [79.4377687284061, 13.630105655933],
            [79.4363951998451, 13.629464052676],
            [79.4351327767151, 13.6288803481722],
            [79.4342648613185, 13.6285000791954],
            [79.4340023933554, 13.6283795820155],
            [79.4333421980969, 13.6281620613284],
            [79.432822092412, 13.628135458555],
            [79.4315789929421, 13.6281166798169],
            [79.4301684286386, 13.6281417181341],
            [79.4297723111242, 13.6281839707249],
            [79.4293287472914, 13.628232188676],
            [79.429380294419, 13.6281548615035],
            [79.429527015356, 13.6279347494734],
            [79.4297925142349, 13.6275132712836],
            [79.4299462869469, 13.6272680896928],
            [79.4300688243382, 13.6271221492506],
            [79.4303631133236, 13.626826863285],
            [79.4308719936607, 13.6263083772463],
            [79.4309024797865, 13.626282168001],
            [79.431107671167, 13.6262035411208],
            [79.4312680177503, 13.6261239861824],
            [79.4315556556093, 13.6260848150233],
            [79.4320393265246, 13.6260545461579],
            [79.4324826918297, 13.626067009552],
            [79.4327684971256, 13.6260937173219],
            [79.433288809423, 13.6262806716268],
            [79.4336130895624, 13.6264444800179],
            [79.434283633413, 13.6269412439494],
            [79.4346830279816, 13.6272065404227],
            [79.4348039457104, 13.6271442228726],
            [79.4351392176357, 13.6271014899309],
            [79.4356467064824, 13.6270925876702],
            [79.4356302179054, 13.6264943343815],
            [79.4356815161997, 13.6262290371087],
            [79.4356228894493, 13.6255079249286],
            [79.4355984858163, 13.6248645849443],
            [79.4356667478964, 13.6247179733993],
            [79.4358552710369, 13.6246640258664],
            [79.43598659485, 13.6246287001914],
            [79.4365261661287, 13.6246542530965],
            [79.4367522846621, 13.6246899856027],
            [79.4367397549605, 13.6252634798445],
            [79.4367804019305, 13.62526456328],
            [79.4368004244799, 13.6256659779507],
            [79.4370748041037, 13.6256438212525],
            [79.437089951496, 13.6261647960139],
            [79.4373383419602, 13.6261811557388],
            [79.4373561169248, 13.6265681900595],
            [79.4382988359334, 13.6265248877983],
            [79.4388034717308, 13.6264913233022],
            [79.4387975778842, 13.6261937055564],
            [79.439070877733, 13.6261311083694],
            [79.4394805813677, 13.6259317795948],
            [79.4395203372089, 13.626181387092],
            [79.439539378798, 13.6266297246543],
            [79.4401760660438, 13.6273487678311],
            [79.4406226554025, 13.6281074781473],
            [79.4407142602053, 13.6289104848496],
            [79.4414525909272, 13.6290297787368],
            [79.4419179398039, 13.629100997975],
            [79.4419417586337, 13.6297223918581],
            [79.4419698264947, 13.6303685585378]
          ]
        ]
      },
      "properties": {
        "objectid": 5089,
        "id": "4979",
        "name": "Ward No 9",
        "code": "9",
        "town": "Tirupati",
        "district": "Tirupati",
        "state": "Andhra Pradesh",
        "st_area(shape)": 401440.212109246,
        "st_perimeter(shape)": 3997.32703307332
      }
    },
    {
      "type": "Feature",
      "id": 5092,
      "geometry": {
        "type": "Polygon",
        "coordinates": [
          [
            [79.4593044997514, 13.6301807065143],
            [79.4594725565748, 13.630503062227],
            [79.4594194850061, 13.6311155372187],
            [79.45905904049, 13.6316807318713],
            [79.4586278329839, 13.6329185684589],
            [79.4582496979448, 13.6346205833948],
            [79.4579666486802, 13.6358755964683],
            [79.4576504309205, 13.6372316052161],
            [79.4575288080142, 13.6377946368114],
            [79.4568654120583, 13.6384199860215],
            [79.4570865440436, 13.6389292904996],
            [79.4566619714942, 13.6404829851129],
            [79.4564474735673, 13.6412737961865],
            [79.4560273225258, 13.6424385192203],
            [79.4555541008139, 13.6437278733819],
            [79.4555032399991, 13.6443725473852],
            [79.4553152783057, 13.6464720259154],
            [79.4551626967598, 13.648223366927],
            [79.4550233842289, 13.6496523658106],
            [79.4549172410915, 13.6507869633712],
            [79.4568057064312, 13.651225328911],
            [79.4574514118642, 13.6513778966394],
            [79.4573806524676, 13.6520397422026],
            [79.4569715650771, 13.6519240625463],
            [79.4565765659652, 13.6518025027359],
            [79.4562910247741, 13.6516849059948],
            [79.4560646313561, 13.6516082708852],
            [79.4551352613126, 13.6513103155422],
            [79.4541290682444, 13.6509859342117],
            [79.4531228751761, 13.6506615515623],
            [79.4523260785023, 13.6503979496303],
            [79.4521010442354, 13.6503398117337],
            [79.4516983860874, 13.6501783035342],
            [79.4505707237247, 13.6497519591023],
            [79.4498158065094, 13.6494588026112],
            [79.448960089336, 13.6491304101671],
            [79.4483037972574, 13.6488774206861],
            [79.4474284995058, 13.6485194301249],
            [79.4467613297275, 13.6482819444386],
            [79.4463552265404, 13.6481163380774],
            [79.4456285918835, 13.6478619385668],
            [79.44483741507, 13.6475659609662],
            [79.4439803378473, 13.6472694985055],
            [79.4437820455281, 13.6471935219143],
            [79.443035331728, 13.6469358617982],
            [79.4424177920724, 13.646691415321],
            [79.4419713500375, 13.6465482707363],
            [79.4414019151654, 13.6463524126074],
            [79.4409795596582, 13.6461537451405],
            [79.4409289117441, 13.6461299212703],
            [79.4407785822746, 13.6460771946572],
            [79.4401690825408, 13.6458634204198],
            [79.4395144855832, 13.6456842780098],
            [79.4395685021795, 13.6450835952224],
            [79.4395413227523, 13.643828205084],
            [79.4395045493179, 13.6432020618303],
            [79.4394115476348, 13.6427080688561],
            [79.439416181145, 13.6414741552201],
            [79.439355994021, 13.6409138325144],
            [79.4393222793501, 13.6405136633023],
            [79.4393119056052, 13.6400096001199],
            [79.4392969208079, 13.6393498360551],
            [79.4392923106538, 13.6391851749783],
            [79.4392646470347, 13.6391504503407],
            [79.4392312198246, 13.6391392490971],
            [79.4390882915748, 13.6391314079643],
            [79.4391332450682, 13.6388401701957],
            [79.438975332021, 13.6387886431807],
            [79.4390225905915, 13.6385825367541],
            [79.4389580421467, 13.6384492388935],
            [79.4387909078932, 13.638155759327],
            [79.4386721847486, 13.6379474113897],
            [79.4384036172247, 13.6374971110004],
            [79.4381776981173, 13.6371072975216],
            [79.4381477303194, 13.6370512890675],
            [79.4381592557045, 13.6368888664836],
            [79.438201904121, 13.6366054671661],
            [79.4382791313876, 13.6360711516299],
            [79.4383678849377, 13.6355043498195],
            [79.4384554868476, 13.6349084234186],
            [79.4385557675794, 13.6345846952503],
            [79.438681405955, 13.6341433489362],
            [79.4388243342049, 13.6336415131563],
            [79.4389949269723, 13.6330489413807],
            [79.439021438053, 13.6325807079431],
            [79.4390502542106, 13.6321617619087],
            [79.4390756118545, 13.6316968878029],
            [79.4391124966801, 13.6310931095245],
            [79.4393039869559, 13.6307390031008],
            [79.4397129126497, 13.6300136792815],
            [79.4406725514266, 13.6301754588149],
            [79.4412446974143, 13.6302964535708],
            [79.4419698264947, 13.6303685585378],
            [79.44275270018, 13.6304908609712],
            [79.4430660514157, 13.6305901035369],
            [79.4435220910512, 13.6306471061402],
            [79.4444299689015, 13.6305533976385],
            [79.4454525580204, 13.6304324030141],
            [79.4461324182987, 13.6304092916841],
            [79.4466877774686, 13.630413369538],
            [79.4474082056652, 13.6304514356156],
            [79.4480387951469, 13.6305031364332],
            [79.4482883812688, 13.6305172207813],
            [79.4492851150772, 13.6306956169214],
            [79.4502657474824, 13.630853278856],
            [79.4506087269528, 13.6308912270059],
            [79.4512415478496, 13.6310101575927],
            [79.4519951364566, 13.6310492825387],
            [79.4527294032002, 13.6310101575927],
            [79.4531528950763, 13.6309491278671],
            [79.454012758873, 13.6308740137999],
            [79.4549322025326, 13.6308161129203],
            [79.4556423153748, 13.6307128310134],
            [79.4569482142696, 13.6304358470586],
            [79.45729119374, 13.6303607319552],
            [79.4579980861219, 13.6302997020619],
            [79.4589449032449, 13.6302151985023],
            [79.4593044997514, 13.6301807065143]
          ]
        ]
      },
      "properties": {
        "objectid": 5092,
        "id": "4975",
        "name": "Ward No 2",
        "code": "2",
        "town": "Tirupati",
        "district": "Tirupati",
        "state": "Andhra Pradesh",
        "st_area(shape)": 4098641.63991691,
        "st_perimeter(shape)": 9033.85935505745
      }
    },
    {
      "type": "Feature",
      "id": 5093,
      "geometry": {
        "type": "Polygon",
        "coordinates": [
          [
            [79.4527047210895, 13.6227174888819],
            [79.4527186827056, 13.6228544292233],
            [79.4528453164146, 13.6238002525378],
            [79.4528875273515, 13.6246697233019],
            [79.4529508442059, 13.6252714000106],
            [79.4528933906553, 13.6258286334924],
            [79.4528675946336, 13.6265043759684],
            [79.4527679292478, 13.6270365366827],
            [79.4526764708704, 13.6276233938705],
            [79.4526785917928, 13.6279770562287],
            [79.4527043554751, 13.6289785891867],
            [79.4526728668295, 13.6295906351129],
            [79.4523493888855, 13.630372382345],
            [79.4519951364566, 13.6310492825387],
            [79.4512415478496, 13.6310101575927],
            [79.4506087269528, 13.6308912270059],
            [79.4502657474824, 13.630853278856],
            [79.4492851150772, 13.6306956169214],
            [79.4482883812688, 13.6305172207813],
            [79.4480387951469, 13.6305031364332],
            [79.4474082056652, 13.6304514356156],
            [79.4466877774686, 13.630413369538],
            [79.4461324182987, 13.6304092916841],
            [79.4454525580204, 13.6304324030141],
            [79.4444299689015, 13.6305533976385],
            [79.4435220910512, 13.6306471061402],
            [79.4430660514157, 13.6305901035369],
            [79.44275270018, 13.6304908609712],
            [79.4419698264947, 13.6303685585378],
            [79.4419417586337, 13.6297223918581],
            [79.4419179398039, 13.629100997975],
            [79.4427491132071, 13.6290645266877],
            [79.442924192161, 13.6290506055078],
            [79.4428430185953, 13.628453536629],
            [79.4427268304965, 13.62759660159],
            [79.4425915424181, 13.626634479171],
            [79.4424864943271, 13.6259012828484],
            [79.4424403379895, 13.6255810894727],
            [79.44281914407, 13.6254851859023],
            [79.4430228729933, 13.6254403276969],
            [79.4430568697352, 13.6247441906753],
            [79.4429512494174, 13.6247427056409],
            [79.4429248569144, 13.6242819813312],
            [79.4428938874949, 13.6237413433102],
            [79.4428764431104, 13.6235485446098],
            [79.4428001725495, 13.622989947299],
            [79.4427964975417, 13.6229361250899],
            [79.4436100001849, 13.6229799998515],
            [79.4446500004506, 13.6230899997053],
            [79.444960000072, 13.6233600000821],
            [79.4449800001635, 13.6236200003474],
            [79.4459900002919, 13.6229499994856],
            [79.4466499997177, 13.6227799996685],
            [79.4476199996632, 13.622530000075],
            [79.4490900000992, 13.6225399999242],
            [79.4502800001527, 13.6224500003937],
            [79.4511899998237, 13.6219900006096],
            [79.4512899993828, 13.6219199997479],
            [79.4527047210895, 13.6227174888819]
          ]
        ]
      },
      "properties": {
        "objectid": 5093,
        "id": "4976",
        "name": "Ward No 5",
        "code": "5",
        "town": "Tirupati",
        "district": "Tirupati",
        "state": "Andhra Pradesh",
        "st_area(shape)": 1024066.12213147,
        "st_perimeter(shape)": 4339.14607022692
      }
    },
    {
      "type": "Feature",
      "id": 5094,
      "geometry": {
        "type": "Polygon",
        "coordinates": [
          [
            [79.431107671167, 13.6262035411208],
            [79.4309024797865, 13.626282168001],
            [79.4308719936607, 13.6263083772463],
            [79.4303631133236, 13.626826863285],
            [79.4300688243382, 13.6271221492506],
            [79.4298646983595, 13.6271078595388],
            [79.4290717365936, 13.6270852847955],
            [79.428242148717, 13.627070918255],
            [79.4271914701775, 13.6270052945131],
            [79.4275550201696, 13.6263180347077],
            [79.4279555888363, 13.6257110299265],
            [79.4277860668607, 13.6256355763306],
            [79.4280153923797, 13.6252267172446],
            [79.4281481094797, 13.6251132052931],
            [79.4283124347014, 13.6250294742611],
            [79.4285434068323, 13.6246382503379],
            [79.4287073933891, 13.6242618106645],
            [79.4293447067607, 13.623433827056],
            [79.430090597704, 13.6225361925781],
            [79.4301040796198, 13.6225199644307],
            [79.4306822092855, 13.6218070213865],
            [79.4311507525714, 13.6211832992252],
            [79.4314266027373, 13.6212180308686],
            [79.4325135435698, 13.6213251487353],
            [79.4331349882019, 13.6213365446403],
            [79.4331267802952, 13.6219142987539],
            [79.432784400001, 13.6219029037498],
            [79.4327832268013, 13.622048766221],
            [79.4332932803382, 13.6220669989144],
            [79.4333026605463, 13.6226664027301],
            [79.4333038328478, 13.6233911554293],
            [79.4324865752467, 13.6234811799197],
            [79.4318311275845, 13.6235700641849],
            [79.4314137047264, 13.6235700641849],
            [79.4308673035566, 13.6235734830113],
            [79.4303478698115, 13.6235723436935],
            [79.4304299470824, 13.6238606485368],
            [79.430639831262, 13.6245728625135],
            [79.4308227471185, 13.6252075855694],
            [79.4309740045477, 13.6257044236891],
            [79.431107671167, 13.6262035411208]
          ]
        ]
      },
      "properties": {
        "objectid": 5094,
        "id": "4977",
        "name": "Ward No 25",
        "code": "25",
        "town": "Tirupati",
        "district": "Tirupati",
        "state": "Andhra Pradesh",
        "st_area(shape)": 201892.593219973,
        "st_perimeter(shape)": 2503.03884198569
      }
    },
    {
      "type": "Feature",
      "id": 5095,
      "geometry": {
        "type": "Polygon",
        "coordinates": [
          [
            [79.4593044997514, 13.6301807065143],
            [79.4589449032449, 13.6302151985023],
            [79.4579980861219, 13.6302997020619],
            [79.45729119374, 13.6303607319552],
            [79.4569482142696, 13.6304358470586],
            [79.4556423153748, 13.6307128310134],
            [79.4549322025326, 13.6308161129203],
            [79.454012758873, 13.6308740137999],
            [79.4531528950763, 13.6309491278671],
            [79.4527294032002, 13.6310101575927],
            [79.4519951364566, 13.6310492825387],
            [79.4523493888855, 13.630372382345],
            [79.4526728668295, 13.6295906351129],
            [79.4527043554751, 13.6289785891867],
            [79.4526785917928, 13.6279770562287],
            [79.4526764708704, 13.6276233938705],
            [79.4527679292478, 13.6270365366827],
            [79.4528675946336, 13.6265043759684],
            [79.4528933906553, 13.6258286334924],
            [79.4529508442059, 13.6252714000106],
            [79.4528875273515, 13.6246697233019],
            [79.4528453164146, 13.6238002525378],
            [79.4527186827056, 13.6228544292233],
            [79.4527047210895, 13.6227174888819],
            [79.4538799995521, 13.6233799997097],
            [79.4550799996513, 13.6241599995819],
            [79.4565507726385, 13.6245450187508],
            [79.4567650190371, 13.6247500164452],
            [79.4573565901944, 13.6252699245829],
            [79.4576721899133, 13.6255862691776],
            [79.4581477122106, 13.6261006736339],
            [79.4584505738188, 13.6264651568557],
            [79.4586076658057, 13.6266673417314],
            [79.4587494558902, 13.6269442279591],
            [79.4590634628961, 13.627393382973],
            [79.4590723086067, 13.6276233336318],
            [79.4590126029796, 13.6288590420977],
            [79.4590988439419, 13.629275958107],
            [79.4593044997514, 13.6301807065143]
          ]
        ]
      },
      "properties": {
        "objectid": 5095,
        "id": "4978",
        "name": "Ward No 4",
        "code": "4",
        "town": "Tirupati",
        "district": "Tirupati",
        "state": "Andhra Pradesh",
        "st_area(shape)": 489459.296688672,
        "st_perimeter(shape)": 3032.28125127666
      }
    },
    {
      "type": "Feature",
      "id": 5098,
      "geometry": {
        "type": "Polygon",
        "coordinates": [
          [
            [79.4427964975417, 13.6229361250899],
            [79.4428001725495, 13.622989947299],
            [79.4428764431104, 13.6235485446098],
            [79.4428938874949, 13.6237413433102],
            [79.4429248569144, 13.6242819813312],
            [79.4429512494174, 13.6247427056409],
            [79.4430568697352, 13.6247441906753],
            [79.4430228729933, 13.6254403276969],
            [79.44281914407, 13.6254851859023],
            [79.4424403379895, 13.6255810894727],
            [79.4424864943271, 13.6259012828484],
            [79.4425915424181, 13.626634479171],
            [79.4427268304965, 13.62759660159],
            [79.4428430185953, 13.628453536629],
            [79.442924192161, 13.6290506055078],
            [79.4427491132071, 13.6290645266877],
            [79.4419179398039, 13.629100997975],
            [79.4414525909272, 13.6290297787368],
            [79.4407142602053, 13.6289104848496],
            [79.4406226554025, 13.6281074781473],
            [79.4401760660438, 13.6273487678311],
            [79.439539378798, 13.6266297246543],
            [79.4395203372089, 13.626181387092],
            [79.4394805813677, 13.6259317795948],
            [79.439070877733, 13.6261311083694],
            [79.4387975778842, 13.6261937055564],
            [79.4388034717308, 13.6264913233022],
            [79.4382988359334, 13.6265248877983],
            [79.4373561169248, 13.6265681900595],
            [79.4373383419602, 13.6261811557388],
            [79.437089951496, 13.6261647960139],
            [79.4370748041037, 13.6256438212525],
            [79.4368004244799, 13.6256659779507],
            [79.4367804019305, 13.62526456328],
            [79.4367397549605, 13.6252634798445],
            [79.4367522846621, 13.6246899856027],
            [79.4379844498384, 13.6248010558759],
            [79.4380192595557, 13.6240496702173],
            [79.4370427567059, 13.6240229622165],
            [79.4359820736291, 13.6240059990724],
            [79.4359680850635, 13.6232500998806],
            [79.436060287246, 13.622978373373],
            [79.4362828349761, 13.622280751036],
            [79.4362310758461, 13.6214378357288],
            [79.4371306972806, 13.6215818336568],
            [79.4373358904578, 13.6213788508304],
            [79.437605105667, 13.6211384253617],
            [79.4377506444211, 13.6210092314715],
            [79.4379185287679, 13.6208989713536],
            [79.4379771213824, 13.6205419877942],
            [79.4381621617545, 13.6205597928085],
            [79.4383070438401, 13.6203120808842],
            [79.4380666735347, 13.6202038223515],
            [79.4371567861531, 13.6201605197976],
            [79.4370301524441, 13.6209616301665],
            [79.4362562780814, 13.6208169063557],
            [79.4356840808898, 13.6206710422515],
            [79.4353219780836, 13.6204504072792],
            [79.4346830279816, 13.6202713416326],
            [79.4338567566849, 13.6201947775234],
            [79.4328765905054, 13.6201093099928],
            [79.4320333976437, 13.6200224324497],
            [79.4326240327565, 13.6192624171576],
            [79.4330579280219, 13.6187589424808],
            [79.4331955472285, 13.6186389554404],
            [79.4337121117545, 13.6187902555848],
            [79.4345230461143, 13.6189580607846],
            [79.4349900766373, 13.619044714343],
            [79.4352632183825, 13.6191685050856],
            [79.4354783352487, 13.6192510316293],
            [79.4355391907193, 13.6192964218272],
            [79.4357274183141, 13.6193101759547],
            [79.4358222399839, 13.619359692204],
            [79.4362001100199, 13.6195385009895],
            [79.4363812615852, 13.6196045222981],
            [79.4366246834676, 13.6196416594398],
            [79.4369063169873, 13.6197021787287],
            [79.4371285098829, 13.6197516948958],
            [79.4373407961576, 13.6198122150296],
            [79.4375941255593, 13.6198383481634],
            [79.4380554948993, 13.6198672322879],
            [79.4383442044485, 13.6199029943283],
            [79.438754351851, 13.6200419216234],
            [79.4387532100923, 13.6200034016276],
            [79.4387701927427, 13.6198589801802],
            [79.4390475808244, 13.6199511345206],
            [79.4394905517691, 13.6200928057939],
            [79.4396122627103, 13.6201038088843],
            [79.4396844405467, 13.6200707987385],
            [79.4400566493999, 13.6199497594608],
            [79.440474146818, 13.6198713592147],
            [79.4406284082136, 13.6198479762053],
            [79.4412466180123, 13.6197107931596],
            [79.4419644410946, 13.6197107931596],
            [79.4420599391959, 13.6198531053987],
            [79.442571537835, 13.6199772658929],
            [79.4425725574228, 13.6199966389541],
            [79.4429335481147, 13.6200117777039],
            [79.4427699154942, 13.6225468157806],
            [79.4427449656854, 13.6229333461947],
            [79.4427964975417, 13.6229361250899]
          ]
        ]
      },
      "properties": {
        "objectid": 5098,
        "id": "4981",
        "name": "Ward No 7",
        "code": "7",
        "town": "Tirupati",
        "district": "Tirupati",
        "state": "Andhra Pradesh",
        "st_area(shape)": 649725.59862022,
        "st_perimeter(shape)": 5511.11705114995
      }
    },
    {
      "type": "Feature",
      "id": 5099,
      "geometry": {
        "type": "Polygon",
        "coordinates": [
          [
            [79.4256850277854, 13.6369909968341],
            [79.4250317315882, 13.6370077364334],
            [79.424059447227, 13.6370112161747],
            [79.4233664940034, 13.6370764704813],
            [79.4228854174226, 13.6371386282733],
            [79.4227723222233, 13.6369681471701],
            [79.4231165638267, 13.6368795150012],
            [79.4232505170086, 13.6368649028727],
            [79.4232669193474, 13.6369313200439],
            [79.4236072703473, 13.6368808428209],
            [79.4236127374941, 13.6368210673549],
            [79.4239698357858, 13.6367435500624],
            [79.4240227986584, 13.6368914697435],
            [79.4241885575912, 13.6368145557112],
            [79.424327097571, 13.6367389397928],
            [79.4246592137147, 13.6365600418809],
            [79.4246316956226, 13.6364811975538],
            [79.4247450899609, 13.6364360114447],
            [79.4247754548141, 13.6361220175083],
            [79.4248363120814, 13.6360318930745],
            [79.4249249587319, 13.6358071492863],
            [79.4250552360077, 13.6354670833479],
            [79.4251165271612, 13.6354829972005],
            [79.4251733186535, 13.6353202924329],
            [79.4254408198771, 13.6353638768062],
            [79.425731813842, 13.6353763301064],
            [79.4269320969106, 13.6353534986191],
            [79.4274989850588, 13.635333734841],
            [79.4275013377465, 13.6352777739812],
            [79.4278866036123, 13.6352747603948],
            [79.4278687747489, 13.6359009787963],
            [79.4278259287031, 13.6368241551258],
            [79.427383657546, 13.6368432963363],
            [79.4271705789573, 13.6369694540375],
            [79.4266298236989, 13.6369877248643],
            [79.4259485081498, 13.6369842451227],
            [79.4258047812976, 13.6369879282712],
            [79.4256850277854, 13.6369909968341]
          ]
        ]
      },
      "properties": {
        "objectid": 5099,
        "id": "4982",
        "name": "Ward No 21",
        "code": "21",
        "town": "Tirupati",
        "district": "Tirupati",
        "state": "Andhra Pradesh",
        "st_area(shape)": 68025.8234402833,
        "st_perimeter(shape)": 1478.82986129692
      }
    },
    {
      "type": "Feature",
      "id": 5100,
      "geometry": {
        "type": "Polygon",
        "coordinates": [
          [
            [79.4277909024919, 13.6400602032561],
            [79.4277862519136, 13.6400594167016],
            [79.4277789252542, 13.6402048288559],
            [79.4277659652596, 13.6406288413518],
            [79.4277594857114, 13.641111626178],
            [79.4277562454882, 13.6415282900956],
            [79.427708725508, 13.6417570877643],
            [79.427684635387, 13.6419018537461],
            [79.4274221117284, 13.6417861053932],
            [79.4269724150971, 13.6415829548539],
            [79.4264874721674, 13.6413408275649],
            [79.4263343318694, 13.6412475196366],
            [79.4260000983966, 13.6409463360411],
            [79.4257314958384, 13.6407101129164],
            [79.4253364922349, 13.6403522356763],
            [79.4250107667062, 13.6400167987105],
            [79.4247579637172, 13.6397581338166],
            [79.4245878084294, 13.6395892338276],
            [79.4244383161897, 13.6393955305551],
            [79.4243281647695, 13.6391735730372],
            [79.4250282524131, 13.6391616166645],
            [79.4259575218454, 13.6391488580199],
            [79.4263689098213, 13.6391516934684],
            [79.4264870751121, 13.6391460225715],
            [79.4266417102068, 13.6392211601977],
            [79.4267452868573, 13.6392707805247],
            [79.4269926757001, 13.6393713218907],
            [79.4272788034911, 13.639402409653],
            [79.4275899439729, 13.6394380648522],
            [79.4277985561381, 13.6394366488757],
            [79.4278000141038, 13.6395628209051],
            [79.4277909024919, 13.6400602032561]
          ]
        ]
      },
      "properties": {
        "objectid": 5100,
        "id": "4983",
        "name": "Ward No 65",
        "code": "65",
        "town": "Tirupati",
        "district": "Tirupati",
        "state": "Andhra Pradesh",
        "st_area(shape)": 71029.546081088,
        "st_perimeter(shape)": 1172.30599146984
      }
    },
    {
      "type": "Feature",
      "id": 5102,
      "geometry": {
        "type": "Polygon",
        "coordinates": [
          [
            [79.4267102741208, 13.6391474402957],
            [79.4267452868573, 13.6392707805247],
            [79.4266417102068, 13.6392211601977],
            [79.4264870751121, 13.6391460225715],
            [79.4263689098213, 13.6391516934684],
            [79.4259575218454, 13.6391488580199],
            [79.4250282524131, 13.6391616166645],
            [79.4243281647695, 13.6391735730372],
            [79.4243155003207, 13.6391480505108],
            [79.4242340294126, 13.6390332043455],
            [79.4241676870322, 13.6389450705524],
            [79.4237425898667, 13.638392486101],
            [79.4234090741478, 13.6379288988196],
            [79.4231603036962, 13.6375529805435],
            [79.4228854174226, 13.6371386282733],
            [79.4233664940034, 13.6370764704813],
            [79.424059447227, 13.6370112161747],
            [79.4250317315882, 13.6370077364334],
            [79.4256850277854, 13.6369909968341],
            [79.4257141358955, 13.6376904989354],
            [79.4260527612318, 13.6376785320117],
            [79.4262436235852, 13.6377144319079],
            [79.4263735496197, 13.6378019952263],
            [79.4264953117649, 13.6379098545987],
            [79.4265437606031, 13.6380205083535],
            [79.4266231267585, 13.6380081355076],
            [79.426674545427, 13.6382508624638],
            [79.426740889604, 13.6385890719196],
            [79.4263928014146, 13.6386326775143],
            [79.4263778444651, 13.6385692507953],
            [79.4263091790414, 13.6385804826205],
            [79.4260965019996, 13.6386252527785],
            [79.425982890269, 13.6388249750352],
            [79.4261457099142, 13.6388298785867],
            [79.4262828395389, 13.6388681563161],
            [79.426501662854, 13.6389716476649],
            [79.4266154506544, 13.6390779735447],
            [79.4267102741208, 13.6391474402957]
          ]
        ]
      },
      "properties": {
        "objectid": 5102,
        "id": "4984",
        "name": "Ward No 66",
        "code": "66",
        "town": "Tirupati",
        "district": "Tirupati",
        "state": "Andhra Pradesh",
        "st_area(shape)": 73158.3412842768,
        "st_perimeter(shape)": 1345.44887767407
      }
    },
    {
      "type": "Feature",
      "id": 5106,
      "geometry": {
        "type": "Polygon",
        "coordinates": [
          [
            [79.4315171654944, 13.6395269867636],
            [79.430810012601, 13.6395301181481],
            [79.4306948449883, 13.639883171673],
            [79.4304576520241, 13.6398515025691],
            [79.4303209805401, 13.639834871421],
            [79.4301114565849, 13.6398079286269],
            [79.4301157837697, 13.6394731875271],
            [79.4302441754816, 13.6394624926282],
            [79.4302336589046, 13.6391810108505],
            [79.4302203557536, 13.6389171158685],
            [79.4301405332541, 13.6385786903823],
            [79.4301100129923, 13.638507203376],
            [79.4300865355223, 13.6384980771879],
            [79.4296502516366, 13.6384432641809],
            [79.4295867838652, 13.6384591507704],
            [79.4293298495242, 13.6384652834931],
            [79.4293353588919, 13.6383401959986],
            [79.4292907835892, 13.6381377181861],
            [79.4292827706168, 13.6380243110851],
            [79.4292722522431, 13.6376933378933],
            [79.4291505466918, 13.6377147531676],
            [79.4291455385841, 13.6376904168745],
            [79.4289316056975, 13.6376932750381],
            [79.4289130366223, 13.6374071922438],
            [79.4288820851692, 13.6370061414791],
            [79.4288628243912, 13.6367601639684],
            [79.4293189745194, 13.6367328585319],
            [79.4295472139752, 13.6367477072493],
            [79.4303493933542, 13.6367532751907],
            [79.431127698208, 13.636724505746],
            [79.4311401129252, 13.6371671872769],
            [79.431156347279, 13.6375207751119],
            [79.4313215582396, 13.6375291278697],
            [79.4313502073106, 13.6377370108734],
            [79.4313989112703, 13.6381908280676],
            [79.431414190715, 13.6384265517459],
            [79.4314657594022, 13.6384330485044],
            [79.4314733995737, 13.6388692309593],
            [79.4315171654944, 13.6395269867636]
          ]
        ]
      },
      "properties": {
        "objectid": 5106,
        "id": "4988",
        "name": "Ward No 15",
        "code": "15",
        "town": "Tirupati",
        "district": "Tirupati",
        "state": "Andhra Pradesh",
        "st_area(shape)": 68222.6213939814,
        "st_perimeter(shape)": 1271.45530972631
      }
    },
    {
      "type": "Feature",
      "id": 5107,
      "geometry": {
        "type": "Polygon",
        "coordinates": [
          [
            [79.4393039869559, 13.6307390031008],
            [79.4391124966801, 13.6310931095245],
            [79.4390756118545, 13.6316968878029],
            [79.4390502542106, 13.6321617619087],
            [79.439021438053, 13.6325807079431],
            [79.4389949269723, 13.6330489413807],
            [79.4388243342049, 13.6336415131563],
            [79.438681405955, 13.6341433489362],
            [79.4385557675794, 13.6345846952503],
            [79.4384554868476, 13.6349084234186],
            [79.4383678849377, 13.6355043498195],
            [79.4382791313876, 13.6360711516299],
            [79.438201904121, 13.6366054671661],
            [79.4381592557045, 13.6368888664836],
            [79.4381477303194, 13.6370512890675],
            [79.4375647677175, 13.6370443129992],
            [79.4369425819753, 13.6369938270705],
            [79.4363227650905, 13.6368961961179],
            [79.4357201751979, 13.6368470074227],
            [79.4357593291679, 13.6363170897005],
            [79.4352493726491, 13.6362753265676],
            [79.4342184777072, 13.6361932477034],
            [79.4342334894538, 13.6359968458382],
            [79.4342913211952, 13.635992551578],
            [79.4343297313601, 13.6356461034341],
            [79.4335237314462, 13.6355718586184],
            [79.4328246894415, 13.6355059666087],
            [79.4321759557877, 13.6354531040545],
            [79.4316338350902, 13.6354001681567],
            [79.431145035693, 13.6353428742463],
            [79.4307168995269, 13.6352926917569],
            [79.4307106499474, 13.6350438883129],
            [79.4299511683921, 13.6349890369652],
            [79.4298585359167, 13.6349714041456],
            [79.4295576425173, 13.634849641799],
            [79.4292722863791, 13.6346808290913],
            [79.4290498778878, 13.6345469414997],
            [79.4291079881069, 13.6342332296504],
            [79.4285927297313, 13.6341607242823],
            [79.4279380267724, 13.6340853397326],
            [79.4279679289933, 13.6333194594202],
            [79.4280063723959, 13.6327133953921],
            [79.4280565648641, 13.6319918769708],
            [79.4280914015308, 13.6314559891814],
            [79.4281310459809, 13.6309773096044],
            [79.4281586763624, 13.6305967000345],
            [79.4282956308157, 13.6302464446125],
            [79.4284349873641, 13.6299008593127],
            [79.4284746318142, 13.629673192939],
            [79.4284993121283, 13.6294185299855],
            [79.42865002967, 13.6291933425229],
            [79.429045274022, 13.6286574492596],
            [79.4293287472914, 13.628232188676],
            [79.4297723111242, 13.6281839707249],
            [79.4301684286386, 13.6281417181341],
            [79.4315789929421, 13.6281166798169],
            [79.432822092412, 13.628135458555],
            [79.4333421980969, 13.6281620613284],
            [79.4340023933554, 13.6283795820155],
            [79.4342648613185, 13.6285000791954],
            [79.4351327767151, 13.6288803481722],
            [79.4363951998451, 13.629464052676],
            [79.4377687284061, 13.630105655933],
            [79.4387123250688, 13.6305234802973],
            [79.4393039869559, 13.6307390031008]
          ]
        ]
      },
      "properties": {
        "objectid": 5107,
        "id": "4989",
        "name": "Ward No 8",
        "code": "8",
        "town": "Tirupati",
        "district": "Tirupati",
        "state": "Andhra Pradesh",
        "st_area(shape)": 941824.441053773,
        "st_perimeter(shape)": 3991.78008217428
      }
    },
    {
      "type": "Feature",
      "id": 5109,
      "geometry": {
        "type": "Polygon",
        "coordinates": [
          [
            [79.439416181145, 13.6414741552201],
            [79.4383703642879, 13.6414985496124],
            [79.4382123012221, 13.6410632362608],
            [79.4369355302003, 13.640901277368],
            [79.4360183188542, 13.6408171390137],
            [79.4354393798064, 13.6407402105465],
            [79.4354409024508, 13.64056346581],
            [79.435428067322, 13.6400502966843],
            [79.4349012269675, 13.6400621753169],
            [79.4348877809843, 13.6398216265627],
            [79.4349122277364, 13.6395282167945],
            [79.4349195624807, 13.6392300550175],
            [79.4352856618916, 13.6392674736672],
            [79.4352807723615, 13.6389906935461],
            [79.4355784183511, 13.6389984142118],
            [79.4356963770294, 13.638916449782],
            [79.4357599409206, 13.6389063519787],
            [79.4358406168197, 13.638840424234],
            [79.4359506298992, 13.6388030055166],
            [79.4361077048182, 13.6387145067301],
            [79.4363350603318, 13.638535829434],
            [79.4366454273642, 13.6383009177417],
            [79.4368110560413, 13.6381298080541],
            [79.4368498515835, 13.6380558547239],
            [79.4368453752784, 13.6380007517825],
            [79.4365872336017, 13.6379761003705],
            [79.4355680958102, 13.6378876457964],
            [79.435553173895, 13.6381298080541],
            [79.4349607906607, 13.6380892063142],
            [79.4343937740533, 13.638047153663],
            [79.4343863135449, 13.6381486593272],
            [79.4340278444241, 13.638149065266],
            [79.4338824188576, 13.6381200236195],
            [79.4335521963626, 13.6380984608472],
            [79.4335510231628, 13.6380821150423],
            [79.433347620328, 13.6380775536861],
            [79.4331551706514, 13.6380475238095],
            [79.4327358496532, 13.6380387834639],
            [79.4328171561696, 13.6372317387836],
            [79.4328392250812, 13.6366575821812],
            [79.4334843654738, 13.6366658319563],
            [79.4341278071522, 13.6367334766101],
            [79.4341447844128, 13.636680680678],
            [79.4343824669589, 13.6366971793535],
            [79.4353654547467, 13.6367747237239],
            [79.4353382914892, 13.6371525446116],
            [79.4356829310462, 13.6371838919441],
            [79.4357201751979, 13.6368470074227],
            [79.4363227650905, 13.6368961961179],
            [79.4369425819753, 13.6369938270705],
            [79.4375647677175, 13.6370443129992],
            [79.4381477303194, 13.6370512890675],
            [79.4381776981173, 13.6371072975216],
            [79.4384036172247, 13.6374971110004],
            [79.4386721847486, 13.6379474113897],
            [79.4387909078932, 13.638155759327],
            [79.4389580421467, 13.6384492388935],
            [79.4390225905915, 13.6385825367541],
            [79.438975332021, 13.6387886431807],
            [79.4391332450682, 13.6388401701957],
            [79.4390882915748, 13.6391314079643],
            [79.4392312198246, 13.6391392490971],
            [79.4392646470347, 13.6391504503407],
            [79.4392923106538, 13.6391851749783],
            [79.4392969208079, 13.6393498360551],
            [79.4393119056052, 13.6400096001199],
            [79.4393222793501, 13.6405136633023],
            [79.439355994021, 13.6409138325144],
            [79.439416181145, 13.6414741552201]
          ]
        ]
      },
      "properties": {
        "objectid": 5109,
        "id": "4990",
        "name": "Ward No 12",
        "code": "12",
        "town": "Tirupati",
        "district": "Tirupati",
        "state": "Andhra Pradesh",
        "st_area(shape)": 224883.294247557,
        "st_perimeter(shape)": 2906.79702603313
      }
    },
    {
      "type": "Feature",
      "id": 5110,
      "geometry": {
        "type": "Polygon",
        "coordinates": [
          [
            [79.4340715097334, 13.6418988149281],
            [79.4335805391081, 13.6421462571703],
            [79.433259624956, 13.6422178661637],
            [79.4328161958705, 13.6422001579353],
            [79.4325223084321, 13.6421543880295],
            [79.4323070029197, 13.6421285838554],
            [79.4320654342617, 13.6420590629842],
            [79.432101802556, 13.6419040108617],
            [79.432140492097, 13.6414538821372],
            [79.4321813304081, 13.6409003572509],
            [79.4321985259592, 13.6403959177674],
            [79.4322275424413, 13.6399154989996],
            [79.4322542089305, 13.6395486820986],
            [79.4325859459851, 13.6395374232571],
            [79.4330471994425, 13.6395392792156],
            [79.4334253695158, 13.6395374232571],
            [79.4337615208918, 13.6395699042757],
            [79.4339334162163, 13.6395745450445],
            [79.433931506398, 13.6395225738421],
            [79.4340155437929, 13.639543919112],
            [79.4340499232171, 13.6392738586608],
            [79.4340505798856, 13.6392115634996],
            [79.4337551338701, 13.6391999624327],
            [79.4337655794802, 13.638873697145],
            [79.43361636482, 13.6388287445804],
            [79.4328001591461, 13.6387692917386],
            [79.4327962182369, 13.6381808646732],
            [79.4327336326111, 13.6381822160563],
            [79.4327358496532, 13.6380387834639],
            [79.4331551706514, 13.6380475238095],
            [79.433347620328, 13.6380775536861],
            [79.4335510231628, 13.6380821150423],
            [79.4335521963626, 13.6380984608472],
            [79.4338824188576, 13.6381200236195],
            [79.4340278444241, 13.638149065266],
            [79.4343863135449, 13.6381486593272],
            [79.4343937740533, 13.638047153663],
            [79.4349607906607, 13.6380892063142],
            [79.435553173895, 13.6381298080541],
            [79.4355680958102, 13.6378876457964],
            [79.4365872336017, 13.6379761003705],
            [79.4368453752784, 13.6380007517825],
            [79.4368498515835, 13.6380558547239],
            [79.4368110560413, 13.6381298080541],
            [79.4366454273642, 13.6383009177417],
            [79.4363350603318, 13.638535829434],
            [79.4361077048182, 13.6387145067301],
            [79.4359506298992, 13.6388030055166],
            [79.4358406168197, 13.638840424234],
            [79.4357599409206, 13.6389063519787],
            [79.4356963770294, 13.638916449782],
            [79.4355784183511, 13.6389984142118],
            [79.4352807723615, 13.6389906935461],
            [79.4352856618916, 13.6392674736672],
            [79.4349195624807, 13.6392300550175],
            [79.4349122277364, 13.6395282167945],
            [79.4348877809843, 13.6398216265627],
            [79.4349012269675, 13.6400621753169],
            [79.435428067322, 13.6400502966843],
            [79.4354409024508, 13.64056346581],
            [79.4354393798064, 13.6407402105465],
            [79.4350625284599, 13.6406624841531],
            [79.4346271366012, 13.640910780589],
            [79.4343944343151, 13.6411232114374],
            [79.4342275713528, 13.6411186789481],
            [79.4341039173556, 13.6411048195869],
            [79.433988912338, 13.6408268910364],
            [79.4338006820483, 13.640845561388],
            [79.4338475238004, 13.6413276639777],
            [79.4340047469415, 13.6413205422489],
            [79.4340715097334, 13.6418988149281]
          ]
        ]
      },
      "properties": {
        "objectid": 5110,
        "id": "4991",
        "name": "Ward No 13",
        "code": "13",
        "town": "Tirupati",
        "district": "Tirupati",
        "state": "Andhra Pradesh",
        "st_area(shape)": 129189.83993141,
        "st_perimeter(shape)": 2418.50323234671
      }
    },
    {
      "type": "Feature",
      "id": 5111,
      "geometry": {
        "type": "Polygon",
        "coordinates": [
          [
            [79.4327358496532, 13.6380387834639],
            [79.4327336326111, 13.6381822160563],
            [79.4327962182369, 13.6381808646732],
            [79.4328001591461, 13.6387692917386],
            [79.43361636482, 13.6388287445804],
            [79.4337655794802, 13.638873697145],
            [79.4337551338701, 13.6391999624327],
            [79.4340505798856, 13.6392115634996],
            [79.4340499232171, 13.6392738586608],
            [79.4340155437929, 13.639543919112],
            [79.433931506398, 13.6395225738421],
            [79.4339334162163, 13.6395745450445],
            [79.4337615208918, 13.6395699042757],
            [79.4334253695158, 13.6395374232571],
            [79.4330471994425, 13.6395392792156],
            [79.4325859459851, 13.6395374232571],
            [79.4322542089305, 13.6395486820986],
            [79.4315171654944, 13.6395269867636],
            [79.4314733995737, 13.6388692309593],
            [79.4314657594022, 13.6384330485044],
            [79.431414190715, 13.6384265517459],
            [79.4313989112703, 13.6381908280676],
            [79.4313502073106, 13.6377370108734],
            [79.4313215582396, 13.6375291278697],
            [79.431156347279, 13.6375207751119],
            [79.4311401129252, 13.6371671872769],
            [79.431127698208, 13.636724505746],
            [79.4328392250812, 13.6366575821812],
            [79.4328171561696, 13.6372317387836],
            [79.4327358496532, 13.6380387834639]
          ]
        ]
      },
      "properties": {
        "objectid": 5111,
        "id": "4992",
        "name": "Ward No 14",
        "code": "14",
        "town": "Tirupati",
        "district": "Tirupati",
        "state": "Andhra Pradesh",
        "st_area(shape)": 62787.8797084707,
        "st_perimeter(shape)": 1286.46218119937
      }
    },
    {
      "type": "Feature",
      "id": 5112,
      "geometry": {
        "type": "Polygon",
        "coordinates": [
          [
            [79.4288628243912, 13.6367601639684],
            [79.4278259287031, 13.6368241551258],
            [79.4278687747489, 13.6359009787963],
            [79.4278866036123, 13.6352747603948],
            [79.4279380267724, 13.6340853397326],
            [79.4285927297313, 13.6341607242823],
            [79.4291079881069, 13.6342332296504],
            [79.4290498778878, 13.6345469414997],
            [79.4292722863791, 13.6346808290913],
            [79.4295576425173, 13.634849641799],
            [79.4298585359167, 13.6349714041456],
            [79.4299511683921, 13.6349890369652],
            [79.4307106499474, 13.6350438883129],
            [79.4307168995269, 13.6352926917569],
            [79.431145035693, 13.6353428742463],
            [79.4311440394613, 13.6361622066603],
            [79.431127698208, 13.636724505746],
            [79.4303493933542, 13.6367532751907],
            [79.4295472139752, 13.6367477072493],
            [79.4293189745194, 13.6367328585319],
            [79.4288628243912, 13.6367601639684]
          ]
        ]
      },
      "properties": {
        "objectid": 5112,
        "id": "4993",
        "name": "Ward No 10",
        "code": "10",
        "town": "Tirupati",
        "district": "Tirupati",
        "state": "Andhra Pradesh",
        "st_area(shape)": 86278.3270385679,
        "st_perimeter(shape)": 1282.52701457943
      }
    },
    {
      "type": "Feature",
      "id": 5113,
      "geometry": {
        "type": "Polygon",
        "coordinates": [
          [
            [79.4357201751979, 13.6368470074227],
            [79.4356829310462, 13.6371838919441],
            [79.4353382914892, 13.6371525446116],
            [79.4353654547467, 13.6367747237239],
            [79.4343824669589, 13.6366971793535],
            [79.4341447844128, 13.636680680678],
            [79.4341278071522, 13.6367334766101],
            [79.4334843654738, 13.6366658319563],
            [79.4328392250812, 13.6366575821812],
            [79.431127698208, 13.636724505746],
            [79.4311440394613, 13.6361622066603],
            [79.431145035693, 13.6353428742463],
            [79.4316338350902, 13.6354001681567],
            [79.4321759557877, 13.6354531040545],
            [79.4328246894415, 13.6355059666087],
            [79.4335237314462, 13.6355718586184],
            [79.4343297313601, 13.6356461034341],
            [79.4342913211952, 13.635992551578],
            [79.4342334894538, 13.6359968458382],
            [79.4342184777072, 13.6361932477034],
            [79.4352493726491, 13.6362753265676],
            [79.4357593291679, 13.6363170897005],
            [79.4357201751979, 13.6368470074227]
          ]
        ]
      },
      "properties": {
        "objectid": 5113,
        "id": "4994",
        "name": "Ward No 11",
        "code": "11",
        "town": "Tirupati",
        "district": "Tirupati",
        "state": "Andhra Pradesh",
        "st_area(shape)": 58450.2929967185,
        "st_perimeter(shape)": 1414.35346155978
      }
    },
    {
      "type": "Feature",
      "id": 5114,
      "geometry": {
        "type": "Polygon",
        "coordinates": [
          [
            [79.4573806524676, 13.6520397422026],
            [79.4572921971582, 13.6527982815236],
            [79.4571882647748, 13.6536126885116],
            [79.4570290500688, 13.6545904031884],
            [79.456396177968, 13.6573873306756],
            [79.4485429278877, 13.6562635524048],
            [79.4437823374806, 13.6525784002245],
            [79.4440951110996, 13.6506571257549],
            [79.4437390252092, 13.6506494360234],
            [79.4435024143532, 13.6503593411801],
            [79.4430778418038, 13.6501616460525],
            [79.4424056001374, 13.6498651030506],
            [79.4420473672735, 13.6496738542001],
            [79.4420407332151, 13.6495255828757],
            [79.4420761142609, 13.6491237443516],
            [79.4420739026086, 13.6485435488105],
            [79.4420164086338, 13.6483437038343],
            [79.4418151788237, 13.6476968914726],
            [79.4415453976758, 13.6468717188688],
            [79.4414019151654, 13.6463524126074],
            [79.4419713500375, 13.6465482707363],
            [79.4424177920724, 13.646691415321],
            [79.443035331728, 13.6469358617982],
            [79.4437820455281, 13.6471935219143],
            [79.4439803378473, 13.6472694985055],
            [79.44483741507, 13.6475659609662],
            [79.4456285918835, 13.6478619385668],
            [79.4463552265404, 13.6481163380774],
            [79.4467613297275, 13.6482819444386],
            [79.4474284995058, 13.6485194301249],
            [79.4483037972574, 13.6488774206861],
            [79.448960089336, 13.6491304101671],
            [79.4498158065094, 13.6494588026112],
            [79.4505707237247, 13.6497519591023],
            [79.4516983860874, 13.6501783035342],
            [79.4521010442354, 13.6503398117337],
            [79.4523260785023, 13.6503979496303],
            [79.4531228751761, 13.6506615515623],
            [79.4541290682444, 13.6509859342117],
            [79.4551352613126, 13.6513103155422],
            [79.4560646313561, 13.6516082708852],
            [79.4562910247741, 13.6516849059948],
            [79.4565765659652, 13.6518025027359],
            [79.4569715650771, 13.6519240625463],
            [79.4573806524676, 13.6520397422026]
          ]
        ]
      },
      "properties": {
        "objectid": 5114,
        "id": "4995",
        "name": "Ward No 1",
        "code": "1",
        "town": "Tirupati",
        "district": "Tirupati",
        "state": "Andhra Pradesh",
        "st_area(shape)": 1144148.56395747,
        "st_perimeter(shape)": 4955.96418162112
      }
    }
  ]
}